onset	duration	trial_type	value	sample
0.005	0	ojos cerrados	65	1
169.02	0	ojos abiertos	66	33804
184.615	0	ojos cerrados	65	36923
202.33	0	ojos abiertos	66	40466
217.16	0	ojos cerrados	65	43432
232.915	0	ojos abiertos	66	46583
246.705	0	ojos cerrados	65	49341
261.175	0	ojos abiertos	66	52235
276.28	0	ojos cerrados	65	55256
280.455	0	hiperventilacion 1	67	56091
362.6	0	hiperventilacion 2	68	72520
405.57	0	ojos cerrados	65	81114
462.05	0	hiperventilacion 3	69	92410
480.215	0	hiperventilacion 4	74	96043
543.46	0	recuperacion	70	108692
569.705	0	ojos cerrados	65	113941
636.885	0	fotoestimulacion	71	127377
638.77	0	photic stimulation	5	127754
639.77	0	photic stimulation	5	127954
640.77	0	photic stimulation	5	128154
641.77	0	photic stimulation	5	128354
642.77	0	photic stimulation	5	128554
643.77	0	photic stimulation	5	128754
644.77	0	photic stimulation	5	128954
645.77	0	photic stimulation	5	129154
646.77	0	photic stimulation	5	129354
647.77	0	photic stimulation	5	129554
653.1	0	photic stimulation	5	130620
653.435	0	photic stimulation	5	130687
653.77	0	photic stimulation	5	130754
654.1	0	photic stimulation	5	130820
654.435	0	photic stimulation	5	130887
654.77	0	photic stimulation	5	130954
655.1	0	photic stimulation	5	131020
655.435	0	photic stimulation	5	131087
655.77	0	photic stimulation	5	131154
656.1	0	photic stimulation	5	131220
656.435	0	photic stimulation	5	131287
656.77	0	photic stimulation	5	131354
657.1	0	photic stimulation	5	131420
657.435	0	photic stimulation	5	131487
657.77	0	photic stimulation	5	131554
658.1	0	photic stimulation	5	131620
658.435	0	photic stimulation	5	131687
658.77	0	photic stimulation	5	131754
659.1	0	photic stimulation	5	131820
659.435	0	photic stimulation	5	131887
659.77	0	photic stimulation	5	131954
660.1	0	photic stimulation	5	132020
660.435	0	photic stimulation	5	132087
660.77	0	photic stimulation	5	132154
661.1	0	photic stimulation	5	132220
661.435	0	photic stimulation	5	132287
661.77	0	photic stimulation	5	132354
662.1	0	photic stimulation	5	132420
662.435	0	photic stimulation	5	132487
662.77	0	photic stimulation	5	132554
667.97	0	photic stimulation	5	133594
668.17	0	photic stimulation	5	133634
668.37	0	photic stimulation	5	133674
668.57	0	photic stimulation	5	133714
668.77	0	photic stimulation	5	133754
668.97	0	photic stimulation	5	133794
669.17	0	photic stimulation	5	133834
669.37	0	photic stimulation	5	133874
669.57	0	photic stimulation	5	133914
669.77	0	photic stimulation	5	133954
669.97	0	photic stimulation	5	133994
670.17	0	photic stimulation	5	134034
670.37	0	photic stimulation	5	134074
670.57	0	photic stimulation	5	134114
670.77	0	photic stimulation	5	134154
670.97	0	photic stimulation	5	134194
671.17	0	photic stimulation	5	134234
671.37	0	photic stimulation	5	134274
671.57	0	photic stimulation	5	134314
671.77	0	photic stimulation	5	134354
671.97	0	photic stimulation	5	134394
672.17	0	photic stimulation	5	134434
672.37	0	photic stimulation	5	134474
672.57	0	photic stimulation	5	134514
672.77	0	photic stimulation	5	134554
672.97	0	photic stimulation	5	134594
673.17	0	photic stimulation	5	134634
673.37	0	photic stimulation	5	134674
673.57	0	photic stimulation	5	134714
673.77	0	photic stimulation	5	134754
673.97	0	photic stimulation	5	134794
674.17	0	photic stimulation	5	134834
674.37	0	photic stimulation	5	134874
674.57	0	photic stimulation	5	134914
674.77	0	photic stimulation	5	134954
674.97	0	photic stimulation	5	134994
675.17	0	photic stimulation	5	135034
675.37	0	photic stimulation	5	135074
675.57	0	photic stimulation	5	135114
675.77	0	photic stimulation	5	135154
675.97	0	photic stimulation	5	135194
676.17	0	photic stimulation	5	135234
676.37	0	photic stimulation	5	135274
676.57	0	photic stimulation	5	135314
676.77	0	photic stimulation	5	135354
676.97	0	photic stimulation	5	135394
677.17	0	photic stimulation	5	135434
677.37	0	photic stimulation	5	135474
677.57	0	photic stimulation	5	135514
677.77	0	photic stimulation	5	135554
682.91	0	photic stimulation	5	136582
683.055	0	photic stimulation	5	136611
683.195	0	photic stimulation	5	136639
683.34	0	photic stimulation	5	136668
683.48	0	photic stimulation	5	136696
683.625	0	photic stimulation	5	136725
683.765	0	photic stimulation	5	136753
683.91	0	photic stimulation	5	136782
684.055	0	photic stimulation	5	136811
684.195	0	photic stimulation	5	136839
684.34	0	photic stimulation	5	136868
684.48	0	photic stimulation	5	136896
684.625	0	photic stimulation	5	136925
684.765	0	photic stimulation	5	136953
684.91	0	photic stimulation	5	136982
685.05	0	photic stimulation	5	137010
685.195	0	photic stimulation	5	137039
685.34	0	photic stimulation	5	137068
685.48	0	photic stimulation	5	137096
685.625	0	photic stimulation	5	137125
685.765	0	photic stimulation	5	137153
685.91	0	photic stimulation	5	137182
686.05	0	photic stimulation	5	137210
686.195	0	photic stimulation	5	137239
686.335	0	photic stimulation	5	137267
686.48	0	photic stimulation	5	137296
686.625	0	photic stimulation	5	137325
686.765	0	photic stimulation	5	137353
686.91	0	photic stimulation	5	137382
687.05	0	photic stimulation	5	137410
687.195	0	photic stimulation	5	137439
687.335	0	photic stimulation	5	137467
687.48	0	photic stimulation	5	137496
687.62	0	photic stimulation	5	137524
687.765	0	photic stimulation	5	137553
687.91	0	photic stimulation	5	137582
688.05	0	photic stimulation	5	137610
688.195	0	photic stimulation	5	137639
688.335	0	photic stimulation	5	137667
688.48	0	photic stimulation	5	137696
688.62	0	photic stimulation	5	137724
688.765	0	photic stimulation	5	137753
688.905	0	photic stimulation	5	137781
689.05	0	photic stimulation	5	137810
689.195	0	photic stimulation	5	137839
689.335	0	photic stimulation	5	137867
689.48	0	photic stimulation	5	137896
689.62	0	photic stimulation	5	137924
689.765	0	photic stimulation	5	137953
689.905	0	photic stimulation	5	137981
690.05	0	photic stimulation	5	138010
690.19	0	photic stimulation	5	138038
690.335	0	photic stimulation	5	138067
690.48	0	photic stimulation	5	138096
690.62	0	photic stimulation	5	138124
690.765	0	photic stimulation	5	138153
690.905	0	photic stimulation	5	138181
691.05	0	photic stimulation	5	138210
691.19	0	photic stimulation	5	138238
691.335	0	photic stimulation	5	138267
691.475	0	photic stimulation	5	138295
691.62	0	photic stimulation	5	138324
691.765	0	photic stimulation	5	138353
691.905	0	photic stimulation	5	138381
692.05	0	photic stimulation	5	138410
692.19	0	photic stimulation	5	138438
692.335	0	photic stimulation	5	138467
692.475	0	photic stimulation	5	138495
692.62	0	photic stimulation	5	138524
692.76	0	photic stimulation	5	138552
692.77	0	photic stimulation	5	138554
697.895	0	photic stimulation	5	139579
698.02	0	photic stimulation	5	139604
698.145	0	photic stimulation	5	139629
698.27	0	photic stimulation	5	139654
698.395	0	photic stimulation	5	139679
698.52	0	photic stimulation	5	139704
698.645	0	photic stimulation	5	139729
698.77	0	photic stimulation	5	139754
698.895	0	photic stimulation	5	139779
699.02	0	photic stimulation	5	139804
699.145	0	photic stimulation	5	139829
699.27	0	photic stimulation	5	139854
699.395	0	photic stimulation	5	139879
699.52	0	photic stimulation	5	139904
699.645	0	photic stimulation	5	139929
699.77	0	photic stimulation	5	139954
699.895	0	photic stimulation	5	139979
700.02	0	photic stimulation	5	140004
700.145	0	photic stimulation	5	140029
700.27	0	photic stimulation	5	140054
700.395	0	photic stimulation	5	140079
700.52	0	photic stimulation	5	140104
700.645	0	photic stimulation	5	140129
700.77	0	photic stimulation	5	140154
700.895	0	photic stimulation	5	140179
701.02	0	photic stimulation	5	140204
701.145	0	photic stimulation	5	140229
701.27	0	photic stimulation	5	140254
701.395	0	photic stimulation	5	140279
701.52	0	photic stimulation	5	140304
701.645	0	photic stimulation	5	140329
701.77	0	photic stimulation	5	140354
701.895	0	photic stimulation	5	140379
702.02	0	photic stimulation	5	140404
702.145	0	photic stimulation	5	140429
702.27	0	photic stimulation	5	140454
702.395	0	photic stimulation	5	140479
702.52	0	photic stimulation	5	140504
702.645	0	photic stimulation	5	140529
702.77	0	photic stimulation	5	140554
702.895	0	photic stimulation	5	140579
703.02	0	photic stimulation	5	140604
703.145	0	photic stimulation	5	140629
703.27	0	photic stimulation	5	140654
703.395	0	photic stimulation	5	140679
703.52	0	photic stimulation	5	140704
703.645	0	photic stimulation	5	140729
703.77	0	photic stimulation	5	140754
703.895	0	photic stimulation	5	140779
704.02	0	photic stimulation	5	140804
704.145	0	photic stimulation	5	140829
704.27	0	photic stimulation	5	140854
704.395	0	photic stimulation	5	140879
704.52	0	photic stimulation	5	140904
704.645	0	photic stimulation	5	140929
704.77	0	photic stimulation	5	140954
704.895	0	photic stimulation	5	140979
705.02	0	photic stimulation	5	141004
705.145	0	photic stimulation	5	141029
705.27	0	photic stimulation	5	141054
705.395	0	photic stimulation	5	141079
705.52	0	photic stimulation	5	141104
705.645	0	photic stimulation	5	141129
705.77	0	photic stimulation	5	141154
705.895	0	photic stimulation	5	141179
706.02	0	photic stimulation	5	141204
706.145	0	photic stimulation	5	141229
706.27	0	photic stimulation	5	141254
706.395	0	photic stimulation	5	141279
706.52	0	photic stimulation	5	141304
706.645	0	photic stimulation	5	141329
706.77	0	photic stimulation	5	141354
706.895	0	photic stimulation	5	141379
707.02	0	photic stimulation	5	141404
707.145	0	photic stimulation	5	141429
707.27	0	photic stimulation	5	141454
707.395	0	photic stimulation	5	141479
707.52	0	photic stimulation	5	141504
707.645	0	photic stimulation	5	141529
707.77	0	photic stimulation	5	141554
712.88	0	photic stimulation	5	142576
712.99	0	photic stimulation	5	142598
713.1	0	photic stimulation	5	142620
713.21	0	photic stimulation	5	142642
713.325	0	photic stimulation	5	142665
713.435	0	photic stimulation	5	142687
713.545	0	photic stimulation	5	142709
713.655	0	photic stimulation	5	142731
713.77	0	photic stimulation	5	142754
713.88	0	photic stimulation	5	142776
713.99	0	photic stimulation	5	142798
714.1	0	photic stimulation	5	142820
714.21	0	photic stimulation	5	142842
714.325	0	photic stimulation	5	142865
714.435	0	photic stimulation	5	142887
714.545	0	photic stimulation	5	142909
714.655	0	photic stimulation	5	142931
714.77	0	photic stimulation	5	142954
714.88	0	photic stimulation	5	142976
714.99	0	photic stimulation	5	142998
715.1	0	photic stimulation	5	143020
715.21	0	photic stimulation	5	143042
715.325	0	photic stimulation	5	143065
715.435	0	photic stimulation	5	143087
715.545	0	photic stimulation	5	143109
715.655	0	photic stimulation	5	143131
715.77	0	photic stimulation	5	143154
715.88	0	photic stimulation	5	143176
715.99	0	photic stimulation	5	143198
716.1	0	photic stimulation	5	143220
716.21	0	photic stimulation	5	143242
716.325	0	photic stimulation	5	143265
716.435	0	photic stimulation	5	143287
716.545	0	photic stimulation	5	143309
716.655	0	photic stimulation	5	143331
716.77	0	photic stimulation	5	143354
716.88	0	photic stimulation	5	143376
716.99	0	photic stimulation	5	143398
717.1	0	photic stimulation	5	143420
717.21	0	photic stimulation	5	143442
717.325	0	photic stimulation	5	143465
717.435	0	photic stimulation	5	143487
717.545	0	photic stimulation	5	143509
717.655	0	photic stimulation	5	143531
717.77	0	photic stimulation	5	143554
717.88	0	photic stimulation	5	143576
717.99	0	photic stimulation	5	143598
718.1	0	photic stimulation	5	143620
718.21	0	photic stimulation	5	143642
718.325	0	photic stimulation	5	143665
718.435	0	photic stimulation	5	143687
718.545	0	photic stimulation	5	143709
718.655	0	photic stimulation	5	143731
718.77	0	photic stimulation	5	143754
718.88	0	photic stimulation	5	143776
718.99	0	photic stimulation	5	143798
719.1	0	photic stimulation	5	143820
719.21	0	photic stimulation	5	143842
719.325	0	photic stimulation	5	143865
719.435	0	photic stimulation	5	143887
719.545	0	photic stimulation	5	143909
719.655	0	photic stimulation	5	143931
719.77	0	photic stimulation	5	143954
719.88	0	photic stimulation	5	143976
719.99	0	photic stimulation	5	143998
720.1	0	photic stimulation	5	144020
720.21	0	photic stimulation	5	144042
720.325	0	photic stimulation	5	144065
720.435	0	photic stimulation	5	144087
720.545	0	photic stimulation	5	144109
720.655	0	photic stimulation	5	144131
720.77	0	photic stimulation	5	144154
720.88	0	photic stimulation	5	144176
720.99	0	photic stimulation	5	144198
721.1	0	photic stimulation	5	144220
721.21	0	photic stimulation	5	144242
721.325	0	photic stimulation	5	144265
721.435	0	photic stimulation	5	144287
721.545	0	photic stimulation	5	144309
721.655	0	photic stimulation	5	144331
721.77	0	photic stimulation	5	144354
721.88	0	photic stimulation	5	144376
721.99	0	photic stimulation	5	144398
722.1	0	photic stimulation	5	144420
722.21	0	photic stimulation	5	144442
722.325	0	photic stimulation	5	144465
722.435	0	photic stimulation	5	144487
722.545	0	photic stimulation	5	144509
722.655	0	photic stimulation	5	144531
722.77	0	photic stimulation	5	144554
727.87	0	photic stimulation	5	145574
727.97	0	photic stimulation	5	145594
728.07	0	photic stimulation	5	145614
728.17	0	photic stimulation	5	145634
728.27	0	photic stimulation	5	145654
728.37	0	photic stimulation	5	145674
728.47	0	photic stimulation	5	145694
728.57	0	photic stimulation	5	145714
728.67	0	photic stimulation	5	145734
728.77	0	photic stimulation	5	145754
728.87	0	photic stimulation	5	145774
728.97	0	photic stimulation	5	145794
729.07	0	photic stimulation	5	145814
729.17	0	photic stimulation	5	145834
729.27	0	photic stimulation	5	145854
729.37	0	photic stimulation	5	145874
729.47	0	photic stimulation	5	145894
729.57	0	photic stimulation	5	145914
729.67	0	photic stimulation	5	145934
729.77	0	photic stimulation	5	145954
729.87	0	photic stimulation	5	145974
729.97	0	photic stimulation	5	145994
730.07	0	photic stimulation	5	146014
730.17	0	photic stimulation	5	146034
730.27	0	photic stimulation	5	146054
730.37	0	photic stimulation	5	146074
730.47	0	photic stimulation	5	146094
730.57	0	photic stimulation	5	146114
730.67	0	photic stimulation	5	146134
730.77	0	photic stimulation	5	146154
730.87	0	photic stimulation	5	146174
730.97	0	photic stimulation	5	146194
731.07	0	photic stimulation	5	146214
731.17	0	photic stimulation	5	146234
731.27	0	photic stimulation	5	146254
731.37	0	photic stimulation	5	146274
731.47	0	photic stimulation	5	146294
731.57	0	photic stimulation	5	146314
731.67	0	photic stimulation	5	146334
731.77	0	photic stimulation	5	146354
731.87	0	photic stimulation	5	146374
731.97	0	photic stimulation	5	146394
732.07	0	photic stimulation	5	146414
732.17	0	photic stimulation	5	146434
732.27	0	photic stimulation	5	146454
732.37	0	photic stimulation	5	146474
732.47	0	photic stimulation	5	146494
732.57	0	photic stimulation	5	146514
732.67	0	photic stimulation	5	146534
732.77	0	photic stimulation	5	146554
732.87	0	photic stimulation	5	146574
732.97	0	photic stimulation	5	146594
733.07	0	photic stimulation	5	146614
733.17	0	photic stimulation	5	146634
733.27	0	photic stimulation	5	146654
733.37	0	photic stimulation	5	146674
733.47	0	photic stimulation	5	146694
733.57	0	photic stimulation	5	146714
733.67	0	photic stimulation	5	146734
733.77	0	photic stimulation	5	146754
733.87	0	photic stimulation	5	146774
733.97	0	photic stimulation	5	146794
734.07	0	photic stimulation	5	146814
734.17	0	photic stimulation	5	146834
734.27	0	photic stimulation	5	146854
734.37	0	photic stimulation	5	146874
734.47	0	photic stimulation	5	146894
734.57	0	photic stimulation	5	146914
734.67	0	photic stimulation	5	146934
734.77	0	photic stimulation	5	146954
734.87	0	photic stimulation	5	146974
734.97	0	photic stimulation	5	146994
735.07	0	photic stimulation	5	147014
735.17	0	photic stimulation	5	147034
735.27	0	photic stimulation	5	147054
735.37	0	photic stimulation	5	147074
735.47	0	photic stimulation	5	147094
735.57	0	photic stimulation	5	147114
735.67	0	photic stimulation	5	147134
735.77	0	photic stimulation	5	147154
735.87	0	photic stimulation	5	147174
735.97	0	photic stimulation	5	147194
736.07	0	photic stimulation	5	147214
736.17	0	photic stimulation	5	147234
736.27	0	photic stimulation	5	147254
736.37	0	photic stimulation	5	147274
736.47	0	photic stimulation	5	147294
736.57	0	photic stimulation	5	147314
736.67	0	photic stimulation	5	147334
736.77	0	photic stimulation	5	147354
736.87	0	photic stimulation	5	147374
736.97	0	photic stimulation	5	147394
737.07	0	photic stimulation	5	147414
737.17	0	photic stimulation	5	147434
737.27	0	photic stimulation	5	147454
737.37	0	photic stimulation	5	147474
737.47	0	photic stimulation	5	147494
737.57	0	photic stimulation	5	147514
737.67	0	photic stimulation	5	147534
737.77	0	photic stimulation	5	147554
742.86	0	photic stimulation	5	148572
742.95	0	photic stimulation	5	148590
743.04	0	photic stimulation	5	148608
743.13	0	photic stimulation	5	148626
743.22	0	photic stimulation	5	148644
743.315	0	photic stimulation	5	148663
743.405	0	photic stimulation	5	148681
743.495	0	photic stimulation	5	148699
743.585	0	photic stimulation	5	148717
743.675	0	photic stimulation	5	148735
743.765	0	photic stimulation	5	148753
743.86	0	photic stimulation	5	148772
743.95	0	photic stimulation	5	148790
744.04	0	photic stimulation	5	148808
744.13	0	photic stimulation	5	148826
744.22	0	photic stimulation	5	148844
744.31	0	photic stimulation	5	148862
744.405	0	photic stimulation	5	148881
744.495	0	photic stimulation	5	148899
744.585	0	photic stimulation	5	148917
744.675	0	photic stimulation	5	148935
744.765	0	photic stimulation	5	148953
744.855	0	photic stimulation	5	148971
744.95	0	photic stimulation	5	148990
745.04	0	photic stimulation	5	149008
745.13	0	photic stimulation	5	149026
745.22	0	photic stimulation	5	149044
745.31	0	photic stimulation	5	149062
745.4	0	photic stimulation	5	149080
745.495	0	photic stimulation	5	149099
745.585	0	photic stimulation	5	149117
745.675	0	photic stimulation	5	149135
745.765	0	photic stimulation	5	149153
745.855	0	photic stimulation	5	149171
745.945	0	photic stimulation	5	149189
746.04	0	photic stimulation	5	149208
746.13	0	photic stimulation	5	149226
746.22	0	photic stimulation	5	149244
746.31	0	photic stimulation	5	149262
746.4	0	photic stimulation	5	149280
746.49	0	photic stimulation	5	149298
746.585	0	photic stimulation	5	149317
746.675	0	photic stimulation	5	149335
746.765	0	photic stimulation	5	149353
746.855	0	photic stimulation	5	149371
746.945	0	photic stimulation	5	149389
747.035	0	photic stimulation	5	149407
747.13	0	photic stimulation	5	149426
747.22	0	photic stimulation	5	149444
747.31	0	photic stimulation	5	149462
747.4	0	photic stimulation	5	149480
747.49	0	photic stimulation	5	149498
747.58	0	photic stimulation	5	149516
747.675	0	photic stimulation	5	149535
747.765	0	photic stimulation	5	149553
747.855	0	photic stimulation	5	149571
747.945	0	photic stimulation	5	149589
748.035	0	photic stimulation	5	149607
748.125	0	photic stimulation	5	149625
748.22	0	photic stimulation	5	149644
748.31	0	photic stimulation	5	149662
748.4	0	photic stimulation	5	149680
748.49	0	photic stimulation	5	149698
748.58	0	photic stimulation	5	149716
748.67	0	photic stimulation	5	149734
748.765	0	photic stimulation	5	149753
748.855	0	photic stimulation	5	149771
748.945	0	photic stimulation	5	149789
749.035	0	photic stimulation	5	149807
749.125	0	photic stimulation	5	149825
749.215	0	photic stimulation	5	149843
749.31	0	photic stimulation	5	149862
749.4	0	photic stimulation	5	149880
749.49	0	photic stimulation	5	149898
749.58	0	photic stimulation	5	149916
749.67	0	photic stimulation	5	149934
749.76	0	photic stimulation	5	149952
749.855	0	photic stimulation	5	149971
749.945	0	photic stimulation	5	149989
750.035	0	photic stimulation	5	150007
750.125	0	photic stimulation	5	150025
750.215	0	photic stimulation	5	150043
750.305	0	photic stimulation	5	150061
750.4	0	photic stimulation	5	150080
750.49	0	photic stimulation	5	150098
750.58	0	photic stimulation	5	150116
750.67	0	photic stimulation	5	150134
750.76	0	photic stimulation	5	150152
750.85	0	photic stimulation	5	150170
750.945	0	photic stimulation	5	150189
751.035	0	photic stimulation	5	150207
751.125	0	photic stimulation	5	150225
751.215	0	photic stimulation	5	150243
751.305	0	photic stimulation	5	150261
751.395	0	photic stimulation	5	150279
751.49	0	photic stimulation	5	150298
751.58	0	photic stimulation	5	150316
751.67	0	photic stimulation	5	150334
751.76	0	photic stimulation	5	150352
751.85	0	photic stimulation	5	150370
751.94	0	photic stimulation	5	150388
752.035	0	photic stimulation	5	150407
752.125	0	photic stimulation	5	150425
752.215	0	photic stimulation	5	150443
752.305	0	photic stimulation	5	150461
752.395	0	photic stimulation	5	150479
752.485	0	photic stimulation	5	150497
752.58	0	photic stimulation	5	150516
752.67	0	photic stimulation	5	150534
752.76	0	photic stimulation	5	150552
752.77	0	photic stimulation	5	150554
757.85	0	photic stimulation	5	151570
757.935	0	photic stimulation	5	151587
758.02	0	photic stimulation	5	151604
758.1	0	photic stimulation	5	151620
758.185	0	photic stimulation	5	151637
758.27	0	photic stimulation	5	151654
758.35	0	photic stimulation	5	151670
758.435	0	photic stimulation	5	151687
758.52	0	photic stimulation	5	151704
758.6	0	photic stimulation	5	151720
758.685	0	photic stimulation	5	151737
758.77	0	photic stimulation	5	151754
758.85	0	photic stimulation	5	151770
758.935	0	photic stimulation	5	151787
759.02	0	photic stimulation	5	151804
759.1	0	photic stimulation	5	151820
759.185	0	photic stimulation	5	151837
759.27	0	photic stimulation	5	151854
759.35	0	photic stimulation	5	151870
759.435	0	photic stimulation	5	151887
759.52	0	photic stimulation	5	151904
759.6	0	photic stimulation	5	151920
759.685	0	photic stimulation	5	151937
759.77	0	photic stimulation	5	151954
759.85	0	photic stimulation	5	151970
759.935	0	photic stimulation	5	151987
760.02	0	photic stimulation	5	152004
760.1	0	photic stimulation	5	152020
760.185	0	photic stimulation	5	152037
760.27	0	photic stimulation	5	152054
760.35	0	photic stimulation	5	152070
760.435	0	photic stimulation	5	152087
760.52	0	photic stimulation	5	152104
760.6	0	photic stimulation	5	152120
760.685	0	photic stimulation	5	152137
760.77	0	photic stimulation	5	152154
760.85	0	photic stimulation	5	152170
760.935	0	photic stimulation	5	152187
761.02	0	photic stimulation	5	152204
761.1	0	photic stimulation	5	152220
761.185	0	photic stimulation	5	152237
761.27	0	photic stimulation	5	152254
761.35	0	photic stimulation	5	152270
761.435	0	photic stimulation	5	152287
761.52	0	photic stimulation	5	152304
761.6	0	photic stimulation	5	152320
761.685	0	photic stimulation	5	152337
761.77	0	photic stimulation	5	152354
761.85	0	photic stimulation	5	152370
761.935	0	photic stimulation	5	152387
762.02	0	photic stimulation	5	152404
762.1	0	photic stimulation	5	152420
762.185	0	photic stimulation	5	152437
762.27	0	photic stimulation	5	152454
762.35	0	photic stimulation	5	152470
762.435	0	photic stimulation	5	152487
762.52	0	photic stimulation	5	152504
762.6	0	photic stimulation	5	152520
762.685	0	photic stimulation	5	152537
762.77	0	photic stimulation	5	152554
762.85	0	photic stimulation	5	152570
762.935	0	photic stimulation	5	152587
763.02	0	photic stimulation	5	152604
763.1	0	photic stimulation	5	152620
763.185	0	photic stimulation	5	152637
763.27	0	photic stimulation	5	152654
763.35	0	photic stimulation	5	152670
763.435	0	photic stimulation	5	152687
763.52	0	photic stimulation	5	152704
763.6	0	photic stimulation	5	152720
763.685	0	photic stimulation	5	152737
763.77	0	photic stimulation	5	152754
763.85	0	photic stimulation	5	152770
763.935	0	photic stimulation	5	152787
764.02	0	photic stimulation	5	152804
764.1	0	photic stimulation	5	152820
764.185	0	photic stimulation	5	152837
764.27	0	photic stimulation	5	152854
764.35	0	photic stimulation	5	152870
764.435	0	photic stimulation	5	152887
764.52	0	photic stimulation	5	152904
764.6	0	photic stimulation	5	152920
764.685	0	photic stimulation	5	152937
764.77	0	photic stimulation	5	152954
764.85	0	photic stimulation	5	152970
764.935	0	photic stimulation	5	152987
765.02	0	photic stimulation	5	153004
765.1	0	photic stimulation	5	153020
765.185	0	photic stimulation	5	153037
765.27	0	photic stimulation	5	153054
765.35	0	photic stimulation	5	153070
765.435	0	photic stimulation	5	153087
765.52	0	photic stimulation	5	153104
765.6	0	photic stimulation	5	153120
765.685	0	photic stimulation	5	153137
765.77	0	photic stimulation	5	153154
765.85	0	photic stimulation	5	153170
765.935	0	photic stimulation	5	153187
766.02	0	photic stimulation	5	153204
766.1	0	photic stimulation	5	153220
766.185	0	photic stimulation	5	153237
766.27	0	photic stimulation	5	153254
766.35	0	photic stimulation	5	153270
766.435	0	photic stimulation	5	153287
766.52	0	photic stimulation	5	153304
766.6	0	photic stimulation	5	153320
766.685	0	photic stimulation	5	153337
766.77	0	photic stimulation	5	153354
766.85	0	photic stimulation	5	153370
766.935	0	photic stimulation	5	153387
767.02	0	photic stimulation	5	153404
767.1	0	photic stimulation	5	153420
767.185	0	photic stimulation	5	153437
767.27	0	photic stimulation	5	153454
767.35	0	photic stimulation	5	153470
767.435	0	photic stimulation	5	153487
767.52	0	photic stimulation	5	153504
767.6	0	photic stimulation	5	153520
767.685	0	photic stimulation	5	153537
767.77	0	photic stimulation	5	153554
772.845	0	photic stimulation	5	154569
772.92	0	photic stimulation	5	154584
773	0	photic stimulation	5	154600
773.075	0	photic stimulation	5	154615
773.155	0	photic stimulation	5	154631
773.23	0	photic stimulation	5	154646
773.305	0	photic stimulation	5	154661
773.385	0	photic stimulation	5	154677
773.46	0	photic stimulation	5	154692
773.535	0	photic stimulation	5	154707
773.615	0	photic stimulation	5	154723
773.69	0	photic stimulation	5	154738
773.77	0	photic stimulation	5	154754
773.845	0	photic stimulation	5	154769
773.92	0	photic stimulation	5	154784
774	0	photic stimulation	5	154800
774.075	0	photic stimulation	5	154815
774.155	0	photic stimulation	5	154831
774.23	0	photic stimulation	5	154846
774.305	0	photic stimulation	5	154861
774.385	0	photic stimulation	5	154877
774.46	0	photic stimulation	5	154892
774.54	0	photic stimulation	5	154908
774.615	0	photic stimulation	5	154923
774.69	0	photic stimulation	5	154938
774.77	0	photic stimulation	5	154954
774.845	0	photic stimulation	5	154969
774.92	0	photic stimulation	5	154984
775	0	photic stimulation	5	155000
775.075	0	photic stimulation	5	155015
775.155	0	photic stimulation	5	155031
775.23	0	photic stimulation	5	155046
775.305	0	photic stimulation	5	155061
775.385	0	photic stimulation	5	155077
775.46	0	photic stimulation	5	155092
775.54	0	photic stimulation	5	155108
775.615	0	photic stimulation	5	155123
775.69	0	photic stimulation	5	155138
775.77	0	photic stimulation	5	155154
775.845	0	photic stimulation	5	155169
775.925	0	photic stimulation	5	155185
776	0	photic stimulation	5	155200
776.075	0	photic stimulation	5	155215
776.155	0	photic stimulation	5	155231
776.23	0	photic stimulation	5	155246
776.305	0	photic stimulation	5	155261
776.385	0	photic stimulation	5	155277
776.46	0	photic stimulation	5	155292
776.54	0	photic stimulation	5	155308
776.615	0	photic stimulation	5	155323
776.69	0	photic stimulation	5	155338
776.77	0	photic stimulation	5	155354
776.845	0	photic stimulation	5	155369
776.925	0	photic stimulation	5	155385
777	0	photic stimulation	5	155400
777.075	0	photic stimulation	5	155415
777.155	0	photic stimulation	5	155431
777.23	0	photic stimulation	5	155446
777.31	0	photic stimulation	5	155462
777.385	0	photic stimulation	5	155477
777.46	0	photic stimulation	5	155492
777.54	0	photic stimulation	5	155508
777.615	0	photic stimulation	5	155523
777.69	0	photic stimulation	5	155538
777.77	0	photic stimulation	5	155554
777.845	0	photic stimulation	5	155569
777.925	0	photic stimulation	5	155585
778	0	photic stimulation	5	155600
778.075	0	photic stimulation	5	155615
778.155	0	photic stimulation	5	155631
778.23	0	photic stimulation	5	155646
778.31	0	photic stimulation	5	155662
778.385	0	photic stimulation	5	155677
778.46	0	photic stimulation	5	155692
778.54	0	photic stimulation	5	155708
778.615	0	photic stimulation	5	155723
778.695	0	photic stimulation	5	155739
778.77	0	photic stimulation	5	155754
778.845	0	photic stimulation	5	155769
778.925	0	photic stimulation	5	155785
779	0	photic stimulation	5	155800
779.075	0	photic stimulation	5	155815
779.155	0	photic stimulation	5	155831
779.23	0	photic stimulation	5	155846
779.31	0	photic stimulation	5	155862
779.385	0	photic stimulation	5	155877
779.46	0	photic stimulation	5	155892
779.54	0	photic stimulation	5	155908
779.615	0	photic stimulation	5	155923
779.695	0	photic stimulation	5	155939
779.77	0	photic stimulation	5	155954
779.845	0	photic stimulation	5	155969
779.925	0	photic stimulation	5	155985
780	0	photic stimulation	5	156000
780.08	0	photic stimulation	5	156016
780.155	0	photic stimulation	5	156031
780.23	0	photic stimulation	5	156046
780.31	0	photic stimulation	5	156062
780.385	0	photic stimulation	5	156077
780.46	0	photic stimulation	5	156092
780.54	0	photic stimulation	5	156108
780.615	0	photic stimulation	5	156123
780.695	0	photic stimulation	5	156139
780.77	0	photic stimulation	5	156154
780.845	0	photic stimulation	5	156169
780.925	0	photic stimulation	5	156185
781	0	photic stimulation	5	156200
781.08	0	photic stimulation	5	156216
781.155	0	photic stimulation	5	156231
781.23	0	photic stimulation	5	156246
781.31	0	photic stimulation	5	156262
781.385	0	photic stimulation	5	156277
781.465	0	photic stimulation	5	156293
781.54	0	photic stimulation	5	156308
781.615	0	photic stimulation	5	156323
781.695	0	photic stimulation	5	156339
781.77	0	photic stimulation	5	156354
781.845	0	photic stimulation	5	156369
781.925	0	photic stimulation	5	156385
782	0	photic stimulation	5	156400
782.08	0	photic stimulation	5	156416
782.155	0	photic stimulation	5	156431
782.23	0	photic stimulation	5	156446
782.31	0	photic stimulation	5	156462
782.385	0	photic stimulation	5	156477
782.465	0	photic stimulation	5	156493
782.54	0	photic stimulation	5	156508
782.615	0	photic stimulation	5	156523
782.695	0	photic stimulation	5	156539
782.77	0	photic stimulation	5	156554
787.84	0	photic stimulation	5	157568
787.91	0	photic stimulation	5	157582
787.98	0	photic stimulation	5	157596
788.055	0	photic stimulation	5	157611
788.125	0	photic stimulation	5	157625
788.195	0	photic stimulation	5	157639
788.27	0	photic stimulation	5	157654
788.34	0	photic stimulation	5	157668
788.41	0	photic stimulation	5	157682
788.48	0	photic stimulation	5	157696
788.555	0	photic stimulation	5	157711
788.625	0	photic stimulation	5	157725
788.695	0	photic stimulation	5	157739
788.765	0	photic stimulation	5	157753
788.84	0	photic stimulation	5	157768
788.91	0	photic stimulation	5	157782
788.98	0	photic stimulation	5	157796
789.055	0	photic stimulation	5	157811
789.125	0	photic stimulation	5	157825
789.195	0	photic stimulation	5	157839
789.265	0	photic stimulation	5	157853
789.34	0	photic stimulation	5	157868
789.41	0	photic stimulation	5	157882
789.48	0	photic stimulation	5	157896
789.555	0	photic stimulation	5	157911
789.625	0	photic stimulation	5	157925
789.695	0	photic stimulation	5	157939
789.765	0	photic stimulation	5	157953
789.84	0	photic stimulation	5	157968
789.91	0	photic stimulation	5	157982
789.98	0	photic stimulation	5	157996
790.05	0	photic stimulation	5	158010
790.125	0	photic stimulation	5	158025
790.195	0	photic stimulation	5	158039
790.265	0	photic stimulation	5	158053
790.34	0	photic stimulation	5	158068
790.41	0	photic stimulation	5	158082
790.48	0	photic stimulation	5	158096
790.55	0	photic stimulation	5	158110
790.625	0	photic stimulation	5	158125
790.695	0	photic stimulation	5	158139
790.765	0	photic stimulation	5	158153
790.84	0	photic stimulation	5	158168
790.91	0	photic stimulation	5	158182
790.98	0	photic stimulation	5	158196
791.05	0	photic stimulation	5	158210
791.125	0	photic stimulation	5	158225
791.195	0	photic stimulation	5	158239
791.265	0	photic stimulation	5	158253
791.335	0	photic stimulation	5	158267
791.41	0	photic stimulation	5	158282
791.48	0	photic stimulation	5	158296
791.55	0	photic stimulation	5	158310
791.625	0	photic stimulation	5	158325
791.695	0	photic stimulation	5	158339
791.765	0	photic stimulation	5	158353
791.835	0	photic stimulation	5	158367
791.91	0	photic stimulation	5	158382
791.98	0	photic stimulation	5	158396
792.05	0	photic stimulation	5	158410
792.125	0	photic stimulation	5	158425
792.195	0	photic stimulation	5	158439
792.265	0	photic stimulation	5	158453
792.335	0	photic stimulation	5	158467
792.41	0	photic stimulation	5	158482
792.48	0	photic stimulation	5	158496
792.55	0	photic stimulation	5	158510
792.62	0	photic stimulation	5	158524
792.695	0	photic stimulation	5	158539
792.765	0	photic stimulation	5	158553
792.835	0	photic stimulation	5	158567
792.91	0	photic stimulation	5	158582
792.98	0	photic stimulation	5	158596
793.05	0	photic stimulation	5	158610
793.12	0	photic stimulation	5	158624
793.195	0	photic stimulation	5	158639
793.265	0	photic stimulation	5	158653
793.335	0	photic stimulation	5	158667
793.41	0	photic stimulation	5	158682
793.48	0	photic stimulation	5	158696
793.55	0	photic stimulation	5	158710
793.62	0	photic stimulation	5	158724
793.695	0	photic stimulation	5	158739
793.765	0	photic stimulation	5	158753
793.835	0	photic stimulation	5	158767
793.905	0	photic stimulation	5	158781
793.98	0	photic stimulation	5	158796
794.05	0	photic stimulation	5	158810
794.12	0	photic stimulation	5	158824
794.195	0	photic stimulation	5	158839
794.265	0	photic stimulation	5	158853
794.335	0	photic stimulation	5	158867
794.405	0	photic stimulation	5	158881
794.48	0	photic stimulation	5	158896
794.55	0	photic stimulation	5	158910
794.62	0	photic stimulation	5	158924
794.695	0	photic stimulation	5	158939
794.765	0	photic stimulation	5	158953
794.835	0	photic stimulation	5	158967
794.905	0	photic stimulation	5	158981
794.98	0	photic stimulation	5	158996
795.05	0	photic stimulation	5	159010
795.12	0	photic stimulation	5	159024
795.19	0	photic stimulation	5	159038
795.265	0	photic stimulation	5	159053
795.335	0	photic stimulation	5	159067
795.405	0	photic stimulation	5	159081
795.48	0	photic stimulation	5	159096
795.55	0	photic stimulation	5	159110
795.62	0	photic stimulation	5	159124
795.69	0	photic stimulation	5	159138
795.765	0	photic stimulation	5	159153
795.835	0	photic stimulation	5	159167
795.905	0	photic stimulation	5	159181
795.98	0	photic stimulation	5	159196
796.05	0	photic stimulation	5	159210
796.12	0	photic stimulation	5	159224
796.19	0	photic stimulation	5	159238
796.265	0	photic stimulation	5	159253
796.335	0	photic stimulation	5	159267
796.405	0	photic stimulation	5	159281
796.475	0	photic stimulation	5	159295
796.55	0	photic stimulation	5	159310
796.62	0	photic stimulation	5	159324
796.69	0	photic stimulation	5	159338
796.765	0	photic stimulation	5	159353
796.835	0	photic stimulation	5	159367
796.905	0	photic stimulation	5	159381
796.975	0	photic stimulation	5	159395
797.05	0	photic stimulation	5	159410
797.12	0	photic stimulation	5	159424
797.19	0	photic stimulation	5	159438
797.265	0	photic stimulation	5	159453
797.335	0	photic stimulation	5	159467
797.405	0	photic stimulation	5	159481
797.475	0	photic stimulation	5	159495
797.55	0	photic stimulation	5	159510
797.62	0	photic stimulation	5	159524
797.69	0	photic stimulation	5	159538
797.76	0	photic stimulation	5	159552
797.77	0	photic stimulation	5	159554
802.835	0	photic stimulation	5	160567
802.9	0	photic stimulation	5	160580
802.97	0	photic stimulation	5	160594
803.035	0	photic stimulation	5	160607
803.1	0	photic stimulation	5	160620
803.17	0	photic stimulation	5	160634
803.235	0	photic stimulation	5	160647
803.3	0	photic stimulation	5	160660
803.37	0	photic stimulation	5	160674
803.435	0	photic stimulation	5	160687
803.5	0	photic stimulation	5	160700
803.57	0	photic stimulation	5	160714
803.635	0	photic stimulation	5	160727
803.7	0	photic stimulation	5	160740
803.77	0	photic stimulation	5	160754
803.835	0	photic stimulation	5	160767
803.9	0	photic stimulation	5	160780
803.97	0	photic stimulation	5	160794
804.035	0	photic stimulation	5	160807
804.1	0	photic stimulation	5	160820
804.17	0	photic stimulation	5	160834
804.235	0	photic stimulation	5	160847
804.3	0	photic stimulation	5	160860
804.37	0	photic stimulation	5	160874
804.435	0	photic stimulation	5	160887
804.5	0	photic stimulation	5	160900
804.57	0	photic stimulation	5	160914
804.635	0	photic stimulation	5	160927
804.7	0	photic stimulation	5	160940
804.77	0	photic stimulation	5	160954
804.835	0	photic stimulation	5	160967
804.9	0	photic stimulation	5	160980
804.97	0	photic stimulation	5	160994
805.035	0	photic stimulation	5	161007
805.1	0	photic stimulation	5	161020
805.17	0	photic stimulation	5	161034
805.235	0	photic stimulation	5	161047
805.3	0	photic stimulation	5	161060
805.37	0	photic stimulation	5	161074
805.435	0	photic stimulation	5	161087
805.5	0	photic stimulation	5	161100
805.57	0	photic stimulation	5	161114
805.635	0	photic stimulation	5	161127
805.7	0	photic stimulation	5	161140
805.77	0	photic stimulation	5	161154
805.835	0	photic stimulation	5	161167
805.9	0	photic stimulation	5	161180
805.97	0	photic stimulation	5	161194
806.035	0	photic stimulation	5	161207
806.1	0	photic stimulation	5	161220
806.17	0	photic stimulation	5	161234
806.235	0	photic stimulation	5	161247
806.3	0	photic stimulation	5	161260
806.37	0	photic stimulation	5	161274
806.435	0	photic stimulation	5	161287
806.5	0	photic stimulation	5	161300
806.57	0	photic stimulation	5	161314
806.635	0	photic stimulation	5	161327
806.7	0	photic stimulation	5	161340
806.77	0	photic stimulation	5	161354
806.835	0	photic stimulation	5	161367
806.9	0	photic stimulation	5	161380
806.97	0	photic stimulation	5	161394
807.035	0	photic stimulation	5	161407
807.1	0	photic stimulation	5	161420
807.17	0	photic stimulation	5	161434
807.235	0	photic stimulation	5	161447
807.3	0	photic stimulation	5	161460
807.37	0	photic stimulation	5	161474
807.435	0	photic stimulation	5	161487
807.5	0	photic stimulation	5	161500
807.57	0	photic stimulation	5	161514
807.635	0	photic stimulation	5	161527
807.7	0	photic stimulation	5	161540
807.77	0	photic stimulation	5	161554
807.835	0	photic stimulation	5	161567
807.9	0	photic stimulation	5	161580
807.97	0	photic stimulation	5	161594
808.035	0	photic stimulation	5	161607
808.1	0	photic stimulation	5	161620
808.17	0	photic stimulation	5	161634
808.235	0	photic stimulation	5	161647
808.3	0	photic stimulation	5	161660
808.37	0	photic stimulation	5	161674
808.435	0	photic stimulation	5	161687
808.5	0	photic stimulation	5	161700
808.57	0	photic stimulation	5	161714
808.635	0	photic stimulation	5	161727
808.7	0	photic stimulation	5	161740
808.77	0	photic stimulation	5	161754
808.835	0	photic stimulation	5	161767
808.9	0	photic stimulation	5	161780
808.97	0	photic stimulation	5	161794
809.035	0	photic stimulation	5	161807
809.1	0	photic stimulation	5	161820
809.17	0	photic stimulation	5	161834
809.235	0	photic stimulation	5	161847
809.3	0	photic stimulation	5	161860
809.37	0	photic stimulation	5	161874
809.435	0	photic stimulation	5	161887
809.5	0	photic stimulation	5	161900
809.57	0	photic stimulation	5	161914
809.635	0	photic stimulation	5	161927
809.7	0	photic stimulation	5	161940
809.77	0	photic stimulation	5	161954
809.835	0	photic stimulation	5	161967
809.9	0	photic stimulation	5	161980
809.97	0	photic stimulation	5	161994
810.035	0	photic stimulation	5	162007
810.1	0	photic stimulation	5	162020
810.17	0	photic stimulation	5	162034
810.235	0	photic stimulation	5	162047
810.3	0	photic stimulation	5	162060
810.37	0	photic stimulation	5	162074
810.435	0	photic stimulation	5	162087
810.5	0	photic stimulation	5	162100
810.57	0	photic stimulation	5	162114
810.635	0	photic stimulation	5	162127
810.7	0	photic stimulation	5	162140
810.77	0	photic stimulation	5	162154
810.835	0	photic stimulation	5	162167
810.9	0	photic stimulation	5	162180
810.97	0	photic stimulation	5	162194
811.035	0	photic stimulation	5	162207
811.1	0	photic stimulation	5	162220
811.17	0	photic stimulation	5	162234
811.235	0	photic stimulation	5	162247
811.3	0	photic stimulation	5	162260
811.37	0	photic stimulation	5	162274
811.435	0	photic stimulation	5	162287
811.5	0	photic stimulation	5	162300
811.57	0	photic stimulation	5	162314
811.635	0	photic stimulation	5	162327
811.7	0	photic stimulation	5	162340
811.77	0	photic stimulation	5	162354
811.835	0	photic stimulation	5	162367
811.9	0	photic stimulation	5	162380
811.97	0	photic stimulation	5	162394
812.035	0	photic stimulation	5	162407
812.1	0	photic stimulation	5	162420
812.17	0	photic stimulation	5	162434
812.235	0	photic stimulation	5	162447
812.3	0	photic stimulation	5	162460
812.37	0	photic stimulation	5	162474
812.435	0	photic stimulation	5	162487
812.5	0	photic stimulation	5	162500
812.57	0	photic stimulation	5	162514
812.635	0	photic stimulation	5	162527
812.7	0	photic stimulation	5	162540
812.77	0	photic stimulation	5	162554
817.825	0	photic stimulation	5	163565
817.885	0	photic stimulation	5	163577
817.945	0	photic stimulation	5	163589
818.005	0	photic stimulation	5	163601
818.06	0	photic stimulation	5	163612
818.12	0	photic stimulation	5	163624
818.18	0	photic stimulation	5	163636
818.24	0	photic stimulation	5	163648
818.3	0	photic stimulation	5	163660
818.355	0	photic stimulation	5	163671
818.415	0	photic stimulation	5	163683
818.475	0	photic stimulation	5	163695
818.535	0	photic stimulation	5	163707
818.59	0	photic stimulation	5	163718
818.65	0	photic stimulation	5	163730
818.71	0	photic stimulation	5	163742
818.77	0	photic stimulation	5	163754
818.83	0	photic stimulation	5	163766
818.885	0	photic stimulation	5	163777
818.945	0	photic stimulation	5	163789
819.005	0	photic stimulation	5	163801
819.065	0	photic stimulation	5	163813
819.12	0	photic stimulation	5	163824
819.18	0	photic stimulation	5	163836
819.24	0	photic stimulation	5	163848
819.3	0	photic stimulation	5	163860
819.36	0	photic stimulation	5	163872
819.415	0	photic stimulation	5	163883
819.475	0	photic stimulation	5	163895
819.535	0	photic stimulation	5	163907
819.595	0	photic stimulation	5	163919
819.65	0	photic stimulation	5	163930
819.71	0	photic stimulation	5	163942
819.77	0	photic stimulation	5	163954
819.83	0	photic stimulation	5	163966
819.89	0	photic stimulation	5	163978
819.945	0	photic stimulation	5	163989
820.005	0	photic stimulation	5	164001
820.065	0	photic stimulation	5	164013
820.125	0	photic stimulation	5	164025
820.18	0	photic stimulation	5	164036
820.24	0	photic stimulation	5	164048
820.3	0	photic stimulation	5	164060
820.36	0	photic stimulation	5	164072
820.42	0	photic stimulation	5	164084
820.475	0	photic stimulation	5	164095
820.535	0	photic stimulation	5	164107
820.595	0	photic stimulation	5	164119
820.655	0	photic stimulation	5	164131
820.71	0	photic stimulation	5	164142
820.77	0	photic stimulation	5	164154
820.83	0	photic stimulation	5	164166
820.89	0	photic stimulation	5	164178
820.95	0	photic stimulation	5	164190
821.005	0	photic stimulation	5	164201
821.065	0	photic stimulation	5	164213
821.125	0	photic stimulation	5	164225
821.185	0	photic stimulation	5	164237
821.24	0	photic stimulation	5	164248
821.3	0	photic stimulation	5	164260
821.36	0	photic stimulation	5	164272
821.42	0	photic stimulation	5	164284
821.48	0	photic stimulation	5	164296
821.535	0	photic stimulation	5	164307
821.595	0	photic stimulation	5	164319
821.655	0	photic stimulation	5	164331
821.715	0	photic stimulation	5	164343
821.77	0	photic stimulation	5	164354
821.83	0	photic stimulation	5	164366
821.89	0	photic stimulation	5	164378
821.95	0	photic stimulation	5	164390
822.01	0	photic stimulation	5	164402
822.065	0	photic stimulation	5	164413
822.125	0	photic stimulation	5	164425
822.185	0	photic stimulation	5	164437
822.245	0	photic stimulation	5	164449
822.3	0	photic stimulation	5	164460
822.36	0	photic stimulation	5	164472
822.42	0	photic stimulation	5	164484
822.48	0	photic stimulation	5	164496
822.54	0	photic stimulation	5	164508
822.595	0	photic stimulation	5	164519
822.655	0	photic stimulation	5	164531
822.715	0	photic stimulation	5	164543
822.775	0	photic stimulation	5	164555
822.83	0	photic stimulation	5	164566
822.89	0	photic stimulation	5	164578
822.95	0	photic stimulation	5	164590
823.01	0	photic stimulation	5	164602
823.07	0	photic stimulation	5	164614
823.125	0	photic stimulation	5	164625
823.185	0	photic stimulation	5	164637
823.245	0	photic stimulation	5	164649
823.305	0	photic stimulation	5	164661
823.36	0	photic stimulation	5	164672
823.42	0	photic stimulation	5	164684
823.48	0	photic stimulation	5	164696
823.54	0	photic stimulation	5	164708
823.6	0	photic stimulation	5	164720
823.655	0	photic stimulation	5	164731
823.715	0	photic stimulation	5	164743
823.775	0	photic stimulation	5	164755
823.835	0	photic stimulation	5	164767
823.89	0	photic stimulation	5	164778
823.95	0	photic stimulation	5	164790
824.01	0	photic stimulation	5	164802
824.07	0	photic stimulation	5	164814
824.13	0	photic stimulation	5	164826
824.185	0	photic stimulation	5	164837
824.245	0	photic stimulation	5	164849
824.305	0	photic stimulation	5	164861
824.365	0	photic stimulation	5	164873
824.42	0	photic stimulation	5	164884
824.48	0	photic stimulation	5	164896
824.54	0	photic stimulation	5	164908
824.6	0	photic stimulation	5	164920
824.66	0	photic stimulation	5	164932
824.715	0	photic stimulation	5	164943
824.775	0	photic stimulation	5	164955
824.835	0	photic stimulation	5	164967
824.895	0	photic stimulation	5	164979
824.95	0	photic stimulation	5	164990
825.01	0	photic stimulation	5	165002
825.07	0	photic stimulation	5	165014
825.13	0	photic stimulation	5	165026
825.19	0	photic stimulation	5	165038
825.245	0	photic stimulation	5	165049
825.305	0	photic stimulation	5	165061
825.365	0	photic stimulation	5	165073
825.425	0	photic stimulation	5	165085
825.48	0	photic stimulation	5	165096
825.54	0	photic stimulation	5	165108
825.6	0	photic stimulation	5	165120
825.66	0	photic stimulation	5	165132
825.72	0	photic stimulation	5	165144
825.775	0	photic stimulation	5	165155
825.835	0	photic stimulation	5	165167
825.895	0	photic stimulation	5	165179
825.955	0	photic stimulation	5	165191
826.01	0	photic stimulation	5	165202
826.07	0	photic stimulation	5	165214
826.13	0	photic stimulation	5	165226
826.19	0	photic stimulation	5	165238
826.25	0	photic stimulation	5	165250
826.305	0	photic stimulation	5	165261
826.365	0	photic stimulation	5	165273
826.425	0	photic stimulation	5	165285
826.485	0	photic stimulation	5	165297
826.54	0	photic stimulation	5	165308
826.6	0	photic stimulation	5	165320
826.66	0	photic stimulation	5	165332
826.72	0	photic stimulation	5	165344
826.78	0	photic stimulation	5	165356
826.835	0	photic stimulation	5	165367
826.895	0	photic stimulation	5	165379
826.955	0	photic stimulation	5	165391
827.015	0	photic stimulation	5	165403
827.07	0	photic stimulation	5	165414
827.13	0	photic stimulation	5	165426
827.19	0	photic stimulation	5	165438
827.25	0	photic stimulation	5	165450
827.31	0	photic stimulation	5	165462
827.365	0	photic stimulation	5	165473
827.425	0	photic stimulation	5	165485
827.485	0	photic stimulation	5	165497
827.545	0	photic stimulation	5	165509
827.6	0	photic stimulation	5	165520
827.66	0	photic stimulation	5	165532
827.72	0	photic stimulation	5	165544
827.77	0	photic stimulation	5	165554
832.82	0	photic stimulation	5	166564
832.875	0	photic stimulation	5	166575
832.925	0	photic stimulation	5	166585
832.98	0	photic stimulation	5	166596
833.03	0	photic stimulation	5	166606
833.085	0	photic stimulation	5	166617
833.135	0	photic stimulation	5	166627
833.19	0	photic stimulation	5	166638
833.24	0	photic stimulation	5	166648
833.295	0	photic stimulation	5	166659
833.345	0	photic stimulation	5	166669
833.4	0	photic stimulation	5	166680
833.45	0	photic stimulation	5	166690
833.505	0	photic stimulation	5	166701
833.555	0	photic stimulation	5	166711
833.61	0	photic stimulation	5	166722
833.66	0	photic stimulation	5	166732
833.715	0	photic stimulation	5	166743
833.765	0	photic stimulation	5	166753
833.82	0	photic stimulation	5	166764
833.87	0	photic stimulation	5	166774
833.925	0	photic stimulation	5	166785
833.975	0	photic stimulation	5	166795
834.03	0	photic stimulation	5	166806
834.08	0	photic stimulation	5	166816
834.135	0	photic stimulation	5	166827
834.185	0	photic stimulation	5	166837
834.24	0	photic stimulation	5	166848
834.29	0	photic stimulation	5	166858
834.345	0	photic stimulation	5	166869
834.395	0	photic stimulation	5	166879
834.45	0	photic stimulation	5	166890
834.5	0	photic stimulation	5	166900
834.555	0	photic stimulation	5	166911
834.605	0	photic stimulation	5	166921
834.66	0	photic stimulation	5	166932
834.71	0	photic stimulation	5	166942
834.765	0	photic stimulation	5	166953
834.815	0	photic stimulation	5	166963
834.87	0	photic stimulation	5	166974
834.92	0	photic stimulation	5	166984
834.975	0	photic stimulation	5	166995
835.025	0	photic stimulation	5	167005
835.08	0	photic stimulation	5	167016
835.13	0	photic stimulation	5	167026
835.185	0	photic stimulation	5	167037
835.235	0	photic stimulation	5	167047
835.29	0	photic stimulation	5	167058
835.34	0	photic stimulation	5	167068
835.395	0	photic stimulation	5	167079
835.445	0	photic stimulation	5	167089
835.5	0	photic stimulation	5	167100
835.55	0	photic stimulation	5	167110
835.605	0	photic stimulation	5	167121
835.655	0	photic stimulation	5	167131
835.71	0	photic stimulation	5	167142
835.76	0	photic stimulation	5	167152
835.815	0	photic stimulation	5	167163
835.865	0	photic stimulation	5	167173
835.92	0	photic stimulation	5	167184
835.97	0	photic stimulation	5	167194
836.025	0	photic stimulation	5	167205
836.075	0	photic stimulation	5	167215
836.13	0	photic stimulation	5	167226
836.18	0	photic stimulation	5	167236
836.235	0	photic stimulation	5	167247
836.285	0	photic stimulation	5	167257
836.34	0	photic stimulation	5	167268
836.39	0	photic stimulation	5	167278
836.445	0	photic stimulation	5	167289
836.495	0	photic stimulation	5	167299
836.55	0	photic stimulation	5	167310
836.6	0	photic stimulation	5	167320
836.655	0	photic stimulation	5	167331
836.705	0	photic stimulation	5	167341
836.76	0	photic stimulation	5	167352
836.81	0	photic stimulation	5	167362
836.865	0	photic stimulation	5	167373
836.915	0	photic stimulation	5	167383
836.97	0	photic stimulation	5	167394
837.02	0	photic stimulation	5	167404
837.075	0	photic stimulation	5	167415
837.125	0	photic stimulation	5	167425
837.18	0	photic stimulation	5	167436
837.23	0	photic stimulation	5	167446
837.285	0	photic stimulation	5	167457
837.335	0	photic stimulation	5	167467
837.39	0	photic stimulation	5	167478
837.44	0	photic stimulation	5	167488
837.495	0	photic stimulation	5	167499
837.545	0	photic stimulation	5	167509
837.6	0	photic stimulation	5	167520
837.65	0	photic stimulation	5	167530
837.705	0	photic stimulation	5	167541
837.755	0	photic stimulation	5	167551
837.81	0	photic stimulation	5	167562
837.86	0	photic stimulation	5	167572
837.915	0	photic stimulation	5	167583
837.965	0	photic stimulation	5	167593
838.02	0	photic stimulation	5	167604
838.07	0	photic stimulation	5	167614
838.125	0	photic stimulation	5	167625
838.175	0	photic stimulation	5	167635
838.23	0	photic stimulation	5	167646
838.28	0	photic stimulation	5	167656
838.335	0	photic stimulation	5	167667
838.385	0	photic stimulation	5	167677
838.44	0	photic stimulation	5	167688
838.49	0	photic stimulation	5	167698
838.545	0	photic stimulation	5	167709
838.595	0	photic stimulation	5	167719
838.65	0	photic stimulation	5	167730
838.7	0	photic stimulation	5	167740
838.755	0	photic stimulation	5	167751
838.805	0	photic stimulation	5	167761
838.86	0	photic stimulation	5	167772
838.91	0	photic stimulation	5	167782
838.965	0	photic stimulation	5	167793
839.015	0	photic stimulation	5	167803
839.07	0	photic stimulation	5	167814
839.12	0	photic stimulation	5	167824
839.175	0	photic stimulation	5	167835
839.225	0	photic stimulation	5	167845
839.28	0	photic stimulation	5	167856
839.33	0	photic stimulation	5	167866
839.385	0	photic stimulation	5	167877
839.435	0	photic stimulation	5	167887
839.49	0	photic stimulation	5	167898
839.54	0	photic stimulation	5	167908
839.595	0	photic stimulation	5	167919
839.645	0	photic stimulation	5	167929
839.7	0	photic stimulation	5	167940
839.75	0	photic stimulation	5	167950
839.805	0	photic stimulation	5	167961
839.855	0	photic stimulation	5	167971
839.91	0	photic stimulation	5	167982
839.96	0	photic stimulation	5	167992
840.015	0	photic stimulation	5	168003
840.065	0	photic stimulation	5	168013
840.12	0	photic stimulation	5	168024
840.17	0	photic stimulation	5	168034
840.225	0	photic stimulation	5	168045
840.275	0	photic stimulation	5	168055
840.33	0	photic stimulation	5	168066
840.38	0	photic stimulation	5	168076
840.435	0	photic stimulation	5	168087
840.485	0	photic stimulation	5	168097
840.54	0	photic stimulation	5	168108
840.59	0	photic stimulation	5	168118
840.645	0	photic stimulation	5	168129
840.695	0	photic stimulation	5	168139
840.75	0	photic stimulation	5	168150
840.8	0	photic stimulation	5	168160
840.855	0	photic stimulation	5	168171
840.905	0	photic stimulation	5	168181
840.96	0	photic stimulation	5	168192
841.01	0	photic stimulation	5	168202
841.065	0	photic stimulation	5	168213
841.115	0	photic stimulation	5	168223
841.17	0	photic stimulation	5	168234
841.22	0	photic stimulation	5	168244
841.275	0	photic stimulation	5	168255
841.325	0	photic stimulation	5	168265
841.38	0	photic stimulation	5	168276
841.43	0	photic stimulation	5	168286
841.485	0	photic stimulation	5	168297
841.535	0	photic stimulation	5	168307
841.59	0	photic stimulation	5	168318
841.64	0	photic stimulation	5	168328
841.695	0	photic stimulation	5	168339
841.745	0	photic stimulation	5	168349
841.8	0	photic stimulation	5	168360
841.85	0	photic stimulation	5	168370
841.905	0	photic stimulation	5	168381
841.955	0	photic stimulation	5	168391
842.01	0	photic stimulation	5	168402
842.06	0	photic stimulation	5	168412
842.115	0	photic stimulation	5	168423
842.165	0	photic stimulation	5	168433
842.22	0	photic stimulation	5	168444
842.27	0	photic stimulation	5	168454
842.325	0	photic stimulation	5	168465
842.375	0	photic stimulation	5	168475
842.43	0	photic stimulation	5	168486
842.48	0	photic stimulation	5	168496
842.535	0	photic stimulation	5	168507
842.585	0	photic stimulation	5	168517
842.64	0	photic stimulation	5	168528
842.69	0	photic stimulation	5	168538
842.745	0	photic stimulation	5	168549
842.77	0	photic stimulation	5	168554
847.815	0	photic stimulation	5	169563
847.865	0	photic stimulation	5	169573
847.91	0	photic stimulation	5	169582
847.96	0	photic stimulation	5	169592
848.005	0	photic stimulation	5	169601
848.055	0	photic stimulation	5	169611
848.1	0	photic stimulation	5	169620
848.15	0	photic stimulation	5	169630
848.195	0	photic stimulation	5	169639
848.245	0	photic stimulation	5	169649
848.29	0	photic stimulation	5	169658
848.34	0	photic stimulation	5	169668
848.385	0	photic stimulation	5	169677
848.435	0	photic stimulation	5	169687
848.48	0	photic stimulation	5	169696
848.53	0	photic stimulation	5	169706
848.575	0	photic stimulation	5	169715
848.625	0	photic stimulation	5	169725
848.67	0	photic stimulation	5	169734
848.72	0	photic stimulation	5	169744
848.765	0	photic stimulation	5	169753
848.815	0	photic stimulation	5	169763
848.86	0	photic stimulation	5	169772
848.91	0	photic stimulation	5	169782
848.955	0	photic stimulation	5	169791
849.005	0	photic stimulation	5	169801
849.05	0	photic stimulation	5	169810
849.1	0	photic stimulation	5	169820
849.145	0	photic stimulation	5	169829
849.195	0	photic stimulation	5	169839
849.24	0	photic stimulation	5	169848
849.29	0	photic stimulation	5	169858
849.335	0	photic stimulation	5	169867
849.385	0	photic stimulation	5	169877
849.43	0	photic stimulation	5	169886
849.48	0	photic stimulation	5	169896
849.525	0	photic stimulation	5	169905
849.575	0	photic stimulation	5	169915
849.62	0	photic stimulation	5	169924
849.67	0	photic stimulation	5	169934
849.715	0	photic stimulation	5	169943
849.765	0	photic stimulation	5	169953
849.81	0	photic stimulation	5	169962
849.86	0	photic stimulation	5	169972
849.905	0	photic stimulation	5	169981
849.955	0	photic stimulation	5	169991
850	0	photic stimulation	5	170000
850.05	0	photic stimulation	5	170010
850.095	0	photic stimulation	5	170019
850.145	0	photic stimulation	5	170029
850.19	0	photic stimulation	5	170038
850.24	0	photic stimulation	5	170048
850.285	0	photic stimulation	5	170057
850.335	0	photic stimulation	5	170067
850.38	0	photic stimulation	5	170076
850.43	0	photic stimulation	5	170086
850.475	0	photic stimulation	5	170095
850.525	0	photic stimulation	5	170105
850.57	0	photic stimulation	5	170114
850.62	0	photic stimulation	5	170124
850.665	0	photic stimulation	5	170133
850.715	0	photic stimulation	5	170143
850.76	0	photic stimulation	5	170152
850.81	0	photic stimulation	5	170162
850.855	0	photic stimulation	5	170171
850.905	0	photic stimulation	5	170181
850.95	0	photic stimulation	5	170190
851	0	photic stimulation	5	170200
851.045	0	photic stimulation	5	170209
851.095	0	photic stimulation	5	170219
851.14	0	photic stimulation	5	170228
851.19	0	photic stimulation	5	170238
851.235	0	photic stimulation	5	170247
851.285	0	photic stimulation	5	170257
851.33	0	photic stimulation	5	170266
851.38	0	photic stimulation	5	170276
851.425	0	photic stimulation	5	170285
851.475	0	photic stimulation	5	170295
851.52	0	photic stimulation	5	170304
851.57	0	photic stimulation	5	170314
851.615	0	photic stimulation	5	170323
851.665	0	photic stimulation	5	170333
851.71	0	photic stimulation	5	170342
851.76	0	photic stimulation	5	170352
851.805	0	photic stimulation	5	170361
851.855	0	photic stimulation	5	170371
851.9	0	photic stimulation	5	170380
851.95	0	photic stimulation	5	170390
851.995	0	photic stimulation	5	170399
852.045	0	photic stimulation	5	170409
852.09	0	photic stimulation	5	170418
852.14	0	photic stimulation	5	170428
852.185	0	photic stimulation	5	170437
852.235	0	photic stimulation	5	170447
852.28	0	photic stimulation	5	170456
852.33	0	photic stimulation	5	170466
852.375	0	photic stimulation	5	170475
852.425	0	photic stimulation	5	170485
852.47	0	photic stimulation	5	170494
852.52	0	photic stimulation	5	170504
852.565	0	photic stimulation	5	170513
852.615	0	photic stimulation	5	170523
852.66	0	photic stimulation	5	170532
852.71	0	photic stimulation	5	170542
852.755	0	photic stimulation	5	170551
852.805	0	photic stimulation	5	170561
852.85	0	photic stimulation	5	170570
852.9	0	photic stimulation	5	170580
852.945	0	photic stimulation	5	170589
852.995	0	photic stimulation	5	170599
853.04	0	photic stimulation	5	170608
853.09	0	photic stimulation	5	170618
853.135	0	photic stimulation	5	170627
853.185	0	photic stimulation	5	170637
853.23	0	photic stimulation	5	170646
853.28	0	photic stimulation	5	170656
853.325	0	photic stimulation	5	170665
853.375	0	photic stimulation	5	170675
853.42	0	photic stimulation	5	170684
853.47	0	photic stimulation	5	170694
853.515	0	photic stimulation	5	170703
853.565	0	photic stimulation	5	170713
853.61	0	photic stimulation	5	170722
853.66	0	photic stimulation	5	170732
853.705	0	photic stimulation	5	170741
853.755	0	photic stimulation	5	170751
853.8	0	photic stimulation	5	170760
853.85	0	photic stimulation	5	170770
853.895	0	photic stimulation	5	170779
853.945	0	photic stimulation	5	170789
853.99	0	photic stimulation	5	170798
854.04	0	photic stimulation	5	170808
854.085	0	photic stimulation	5	170817
854.135	0	photic stimulation	5	170827
854.18	0	photic stimulation	5	170836
854.23	0	photic stimulation	5	170846
854.275	0	photic stimulation	5	170855
854.325	0	photic stimulation	5	170865
854.37	0	photic stimulation	5	170874
854.42	0	photic stimulation	5	170884
854.465	0	photic stimulation	5	170893
854.515	0	photic stimulation	5	170903
854.56	0	photic stimulation	5	170912
854.61	0	photic stimulation	5	170922
854.655	0	photic stimulation	5	170931
854.705	0	photic stimulation	5	170941
854.75	0	photic stimulation	5	170950
854.8	0	photic stimulation	5	170960
854.845	0	photic stimulation	5	170969
854.895	0	photic stimulation	5	170979
854.94	0	photic stimulation	5	170988
854.99	0	photic stimulation	5	170998
855.035	0	photic stimulation	5	171007
855.085	0	photic stimulation	5	171017
855.13	0	photic stimulation	5	171026
855.18	0	photic stimulation	5	171036
855.225	0	photic stimulation	5	171045
855.275	0	photic stimulation	5	171055
855.32	0	photic stimulation	5	171064
855.37	0	photic stimulation	5	171074
855.415	0	photic stimulation	5	171083
855.465	0	photic stimulation	5	171093
855.51	0	photic stimulation	5	171102
855.56	0	photic stimulation	5	171112
855.605	0	photic stimulation	5	171121
855.655	0	photic stimulation	5	171131
855.7	0	photic stimulation	5	171140
855.75	0	photic stimulation	5	171150
855.795	0	photic stimulation	5	171159
855.845	0	photic stimulation	5	171169
855.89	0	photic stimulation	5	171178
855.94	0	photic stimulation	5	171188
855.985	0	photic stimulation	5	171197
856.035	0	photic stimulation	5	171207
856.08	0	photic stimulation	5	171216
856.13	0	photic stimulation	5	171226
856.175	0	photic stimulation	5	171235
856.225	0	photic stimulation	5	171245
856.27	0	photic stimulation	5	171254
856.32	0	photic stimulation	5	171264
856.365	0	photic stimulation	5	171273
856.415	0	photic stimulation	5	171283
856.46	0	photic stimulation	5	171292
856.51	0	photic stimulation	5	171302
856.555	0	photic stimulation	5	171311
856.605	0	photic stimulation	5	171321
856.65	0	photic stimulation	5	171330
856.7	0	photic stimulation	5	171340
856.745	0	photic stimulation	5	171349
856.795	0	photic stimulation	5	171359
856.84	0	photic stimulation	5	171368
856.89	0	photic stimulation	5	171378
856.935	0	photic stimulation	5	171387
856.985	0	photic stimulation	5	171397
857.03	0	photic stimulation	5	171406
857.08	0	photic stimulation	5	171416
857.125	0	photic stimulation	5	171425
857.175	0	photic stimulation	5	171435
857.22	0	photic stimulation	5	171444
857.27	0	photic stimulation	5	171454
857.315	0	photic stimulation	5	171463
857.365	0	photic stimulation	5	171473
857.41	0	photic stimulation	5	171482
857.46	0	photic stimulation	5	171492
857.505	0	photic stimulation	5	171501
857.555	0	photic stimulation	5	171511
857.6	0	photic stimulation	5	171520
857.65	0	photic stimulation	5	171530
857.695	0	photic stimulation	5	171539
857.745	0	photic stimulation	5	171549
857.77	0	photic stimulation	5	171554
862.81	0	photic stimulation	5	172562
862.855	0	photic stimulation	5	172571
862.9	0	photic stimulation	5	172580
862.94	0	photic stimulation	5	172588
862.985	0	photic stimulation	5	172597
863.03	0	photic stimulation	5	172606
863.075	0	photic stimulation	5	172615
863.115	0	photic stimulation	5	172623
863.16	0	photic stimulation	5	172632
863.205	0	photic stimulation	5	172641
863.25	0	photic stimulation	5	172650
863.29	0	photic stimulation	5	172658
863.335	0	photic stimulation	5	172667
863.38	0	photic stimulation	5	172676
863.42	0	photic stimulation	5	172684
863.465	0	photic stimulation	5	172693
863.51	0	photic stimulation	5	172702
863.555	0	photic stimulation	5	172711
863.595	0	photic stimulation	5	172719
863.64	0	photic stimulation	5	172728
863.685	0	photic stimulation	5	172737
863.725	0	photic stimulation	5	172745
863.77	0	photic stimulation	5	172754
863.815	0	photic stimulation	5	172763
863.86	0	photic stimulation	5	172772
863.9	0	photic stimulation	5	172780
863.945	0	photic stimulation	5	172789
863.99	0	photic stimulation	5	172798
864.035	0	photic stimulation	5	172807
864.075	0	photic stimulation	5	172815
864.12	0	photic stimulation	5	172824
864.165	0	photic stimulation	5	172833
864.205	0	photic stimulation	5	172841
864.25	0	photic stimulation	5	172850
864.295	0	photic stimulation	5	172859
864.34	0	photic stimulation	5	172868
864.38	0	photic stimulation	5	172876
864.425	0	photic stimulation	5	172885
864.47	0	photic stimulation	5	172894
864.51	0	photic stimulation	5	172902
864.555	0	photic stimulation	5	172911
864.6	0	photic stimulation	5	172920
864.645	0	photic stimulation	5	172929
864.685	0	photic stimulation	5	172937
864.73	0	photic stimulation	5	172946
864.775	0	photic stimulation	5	172955
864.82	0	photic stimulation	5	172964
864.86	0	photic stimulation	5	172972
864.905	0	photic stimulation	5	172981
864.95	0	photic stimulation	5	172990
864.99	0	photic stimulation	5	172998
865.035	0	photic stimulation	5	173007
865.08	0	photic stimulation	5	173016
865.125	0	photic stimulation	5	173025
865.165	0	photic stimulation	5	173033
865.21	0	photic stimulation	5	173042
865.255	0	photic stimulation	5	173051
865.295	0	photic stimulation	5	173059
865.34	0	photic stimulation	5	173068
865.385	0	photic stimulation	5	173077
865.43	0	photic stimulation	5	173086
865.47	0	photic stimulation	5	173094
865.515	0	photic stimulation	5	173103
865.56	0	photic stimulation	5	173112
865.605	0	photic stimulation	5	173121
865.645	0	photic stimulation	5	173129
865.69	0	photic stimulation	5	173138
865.735	0	photic stimulation	5	173147
865.775	0	photic stimulation	5	173155
865.82	0	photic stimulation	5	173164
865.865	0	photic stimulation	5	173173
865.91	0	photic stimulation	5	173182
865.95	0	photic stimulation	5	173190
865.995	0	photic stimulation	5	173199
866.04	0	photic stimulation	5	173208
866.08	0	photic stimulation	5	173216
866.125	0	photic stimulation	5	173225
866.17	0	photic stimulation	5	173234
866.215	0	photic stimulation	5	173243
866.255	0	photic stimulation	5	173251
866.3	0	photic stimulation	5	173260
866.345	0	photic stimulation	5	173269
866.39	0	photic stimulation	5	173278
866.43	0	photic stimulation	5	173286
866.475	0	photic stimulation	5	173295
866.52	0	photic stimulation	5	173304
866.56	0	photic stimulation	5	173312
866.605	0	photic stimulation	5	173321
866.65	0	photic stimulation	5	173330
866.695	0	photic stimulation	5	173339
866.735	0	photic stimulation	5	173347
866.78	0	photic stimulation	5	173356
866.825	0	photic stimulation	5	173365
866.865	0	photic stimulation	5	173373
866.91	0	photic stimulation	5	173382
866.955	0	photic stimulation	5	173391
867	0	photic stimulation	5	173400
867.04	0	photic stimulation	5	173408
867.085	0	photic stimulation	5	173417
867.13	0	photic stimulation	5	173426
867.175	0	photic stimulation	5	173435
867.215	0	photic stimulation	5	173443
867.26	0	photic stimulation	5	173452
867.305	0	photic stimulation	5	173461
867.345	0	photic stimulation	5	173469
867.39	0	photic stimulation	5	173478
867.435	0	photic stimulation	5	173487
867.48	0	photic stimulation	5	173496
867.52	0	photic stimulation	5	173504
867.565	0	photic stimulation	5	173513
867.61	0	photic stimulation	5	173522
867.65	0	photic stimulation	5	173530
867.695	0	photic stimulation	5	173539
867.74	0	photic stimulation	5	173548
867.785	0	photic stimulation	5	173557
867.825	0	photic stimulation	5	173565
867.87	0	photic stimulation	5	173574
867.915	0	photic stimulation	5	173583
867.96	0	photic stimulation	5	173592
868	0	photic stimulation	5	173600
868.045	0	photic stimulation	5	173609
868.09	0	photic stimulation	5	173618
868.13	0	photic stimulation	5	173626
868.175	0	photic stimulation	5	173635
868.22	0	photic stimulation	5	173644
868.265	0	photic stimulation	5	173653
868.305	0	photic stimulation	5	173661
868.35	0	photic stimulation	5	173670
868.395	0	photic stimulation	5	173679
868.435	0	photic stimulation	5	173687
868.48	0	photic stimulation	5	173696
868.525	0	photic stimulation	5	173705
868.57	0	photic stimulation	5	173714
868.61	0	photic stimulation	5	173722
868.655	0	photic stimulation	5	173731
868.7	0	photic stimulation	5	173740
868.745	0	photic stimulation	5	173749
868.785	0	photic stimulation	5	173757
868.83	0	photic stimulation	5	173766
868.875	0	photic stimulation	5	173775
868.915	0	photic stimulation	5	173783
868.96	0	photic stimulation	5	173792
869.005	0	photic stimulation	5	173801
869.05	0	photic stimulation	5	173810
869.09	0	photic stimulation	5	173818
869.135	0	photic stimulation	5	173827
869.18	0	photic stimulation	5	173836
869.22	0	photic stimulation	5	173844
869.265	0	photic stimulation	5	173853
869.31	0	photic stimulation	5	173862
869.355	0	photic stimulation	5	173871
869.395	0	photic stimulation	5	173879
869.44	0	photic stimulation	5	173888
869.485	0	photic stimulation	5	173897
869.53	0	photic stimulation	5	173906
869.57	0	photic stimulation	5	173914
869.615	0	photic stimulation	5	173923
869.66	0	photic stimulation	5	173932
869.7	0	photic stimulation	5	173940
869.745	0	photic stimulation	5	173949
869.79	0	photic stimulation	5	173958
869.835	0	photic stimulation	5	173967
869.875	0	photic stimulation	5	173975
869.92	0	photic stimulation	5	173984
869.965	0	photic stimulation	5	173993
870.005	0	photic stimulation	5	174001
870.05	0	photic stimulation	5	174010
870.095	0	photic stimulation	5	174019
870.14	0	photic stimulation	5	174028
870.18	0	photic stimulation	5	174036
870.225	0	photic stimulation	5	174045
870.27	0	photic stimulation	5	174054
870.315	0	photic stimulation	5	174063
870.355	0	photic stimulation	5	174071
870.4	0	photic stimulation	5	174080
870.445	0	photic stimulation	5	174089
870.485	0	photic stimulation	5	174097
870.53	0	photic stimulation	5	174106
870.575	0	photic stimulation	5	174115
870.62	0	photic stimulation	5	174124
870.66	0	photic stimulation	5	174132
870.705	0	photic stimulation	5	174141
870.75	0	photic stimulation	5	174150
870.79	0	photic stimulation	5	174158
870.835	0	photic stimulation	5	174167
870.88	0	photic stimulation	5	174176
870.925	0	photic stimulation	5	174185
870.965	0	photic stimulation	5	174193
871.01	0	photic stimulation	5	174202
871.055	0	photic stimulation	5	174211
871.1	0	photic stimulation	5	174220
871.14	0	photic stimulation	5	174228
871.185	0	photic stimulation	5	174237
871.23	0	photic stimulation	5	174246
871.27	0	photic stimulation	5	174254
871.315	0	photic stimulation	5	174263
871.36	0	photic stimulation	5	174272
871.405	0	photic stimulation	5	174281
871.445	0	photic stimulation	5	174289
871.49	0	photic stimulation	5	174298
871.535	0	photic stimulation	5	174307
871.575	0	photic stimulation	5	174315
871.62	0	photic stimulation	5	174324
871.665	0	photic stimulation	5	174333
871.71	0	photic stimulation	5	174342
871.75	0	photic stimulation	5	174350
871.795	0	photic stimulation	5	174359
871.84	0	photic stimulation	5	174368
871.885	0	photic stimulation	5	174377
871.925	0	photic stimulation	5	174385
871.97	0	photic stimulation	5	174394
872.015	0	photic stimulation	5	174403
872.055	0	photic stimulation	5	174411
872.1	0	photic stimulation	5	174420
872.145	0	photic stimulation	5	174429
872.19	0	photic stimulation	5	174438
872.23	0	photic stimulation	5	174446
872.275	0	photic stimulation	5	174455
872.32	0	photic stimulation	5	174464
872.36	0	photic stimulation	5	174472
872.405	0	photic stimulation	5	174481
872.45	0	photic stimulation	5	174490
872.495	0	photic stimulation	5	174499
872.535	0	photic stimulation	5	174507
872.58	0	photic stimulation	5	174516
872.625	0	photic stimulation	5	174525
872.67	0	photic stimulation	5	174534
872.71	0	photic stimulation	5	174542
872.755	0	photic stimulation	5	174551
872.77	0	photic stimulation	5	174554
877.81	0	photic stimulation	5	175562
877.85	0	photic stimulation	5	175570
877.89	0	photic stimulation	5	175578
877.93	0	photic stimulation	5	175586
877.97	0	photic stimulation	5	175594
878.01	0	photic stimulation	5	175602
878.05	0	photic stimulation	5	175610
878.09	0	photic stimulation	5	175618
878.13	0	photic stimulation	5	175626
878.17	0	photic stimulation	5	175634
878.21	0	photic stimulation	5	175642
878.25	0	photic stimulation	5	175650
878.29	0	photic stimulation	5	175658
878.33	0	photic stimulation	5	175666
878.37	0	photic stimulation	5	175674
878.41	0	photic stimulation	5	175682
878.45	0	photic stimulation	5	175690
878.49	0	photic stimulation	5	175698
878.53	0	photic stimulation	5	175706
878.57	0	photic stimulation	5	175714
878.61	0	photic stimulation	5	175722
878.65	0	photic stimulation	5	175730
878.69	0	photic stimulation	5	175738
878.73	0	photic stimulation	5	175746
878.77	0	photic stimulation	5	175754
878.81	0	photic stimulation	5	175762
878.85	0	photic stimulation	5	175770
878.89	0	photic stimulation	5	175778
878.93	0	photic stimulation	5	175786
878.97	0	photic stimulation	5	175794
879.01	0	photic stimulation	5	175802
879.05	0	photic stimulation	5	175810
879.09	0	photic stimulation	5	175818
879.13	0	photic stimulation	5	175826
879.17	0	photic stimulation	5	175834
879.21	0	photic stimulation	5	175842
879.25	0	photic stimulation	5	175850
879.29	0	photic stimulation	5	175858
879.33	0	photic stimulation	5	175866
879.37	0	photic stimulation	5	175874
879.41	0	photic stimulation	5	175882
879.45	0	photic stimulation	5	175890
879.49	0	photic stimulation	5	175898
879.53	0	photic stimulation	5	175906
879.57	0	photic stimulation	5	175914
879.61	0	photic stimulation	5	175922
879.65	0	photic stimulation	5	175930
879.69	0	photic stimulation	5	175938
879.73	0	photic stimulation	5	175946
879.77	0	photic stimulation	5	175954
879.81	0	photic stimulation	5	175962
879.85	0	photic stimulation	5	175970
879.89	0	photic stimulation	5	175978
879.93	0	photic stimulation	5	175986
879.97	0	photic stimulation	5	175994
880.01	0	photic stimulation	5	176002
880.05	0	photic stimulation	5	176010
880.09	0	photic stimulation	5	176018
880.13	0	photic stimulation	5	176026
880.17	0	photic stimulation	5	176034
880.21	0	photic stimulation	5	176042
880.25	0	photic stimulation	5	176050
880.29	0	photic stimulation	5	176058
880.33	0	photic stimulation	5	176066
880.37	0	photic stimulation	5	176074
880.41	0	photic stimulation	5	176082
880.45	0	photic stimulation	5	176090
880.49	0	photic stimulation	5	176098
880.53	0	photic stimulation	5	176106
880.57	0	photic stimulation	5	176114
880.61	0	photic stimulation	5	176122
880.65	0	photic stimulation	5	176130
880.69	0	photic stimulation	5	176138
880.73	0	photic stimulation	5	176146
880.77	0	photic stimulation	5	176154
880.81	0	photic stimulation	5	176162
880.85	0	photic stimulation	5	176170
880.89	0	photic stimulation	5	176178
880.93	0	photic stimulation	5	176186
880.97	0	photic stimulation	5	176194
881.01	0	photic stimulation	5	176202
881.05	0	photic stimulation	5	176210
881.09	0	photic stimulation	5	176218
881.13	0	photic stimulation	5	176226
881.17	0	photic stimulation	5	176234
881.21	0	photic stimulation	5	176242
881.25	0	photic stimulation	5	176250
881.29	0	photic stimulation	5	176258
881.33	0	photic stimulation	5	176266
881.37	0	photic stimulation	5	176274
881.41	0	photic stimulation	5	176282
881.45	0	photic stimulation	5	176290
881.49	0	photic stimulation	5	176298
881.53	0	photic stimulation	5	176306
881.57	0	photic stimulation	5	176314
881.61	0	photic stimulation	5	176322
881.65	0	photic stimulation	5	176330
881.69	0	photic stimulation	5	176338
881.73	0	photic stimulation	5	176346
881.77	0	photic stimulation	5	176354
881.81	0	photic stimulation	5	176362
881.85	0	photic stimulation	5	176370
881.89	0	photic stimulation	5	176378
881.93	0	photic stimulation	5	176386
881.97	0	photic stimulation	5	176394
882.01	0	photic stimulation	5	176402
882.05	0	photic stimulation	5	176410
882.09	0	photic stimulation	5	176418
882.13	0	photic stimulation	5	176426
882.17	0	photic stimulation	5	176434
882.21	0	photic stimulation	5	176442
882.25	0	photic stimulation	5	176450
882.29	0	photic stimulation	5	176458
882.33	0	photic stimulation	5	176466
882.37	0	photic stimulation	5	176474
882.41	0	photic stimulation	5	176482
882.45	0	photic stimulation	5	176490
882.49	0	photic stimulation	5	176498
882.53	0	photic stimulation	5	176506
882.57	0	photic stimulation	5	176514
882.61	0	photic stimulation	5	176522
882.65	0	photic stimulation	5	176530
882.69	0	photic stimulation	5	176538
882.73	0	photic stimulation	5	176546
882.77	0	photic stimulation	5	176554
882.81	0	photic stimulation	5	176562
882.85	0	photic stimulation	5	176570
882.89	0	photic stimulation	5	176578
882.93	0	photic stimulation	5	176586
882.97	0	photic stimulation	5	176594
883.01	0	photic stimulation	5	176602
883.05	0	photic stimulation	5	176610
883.09	0	photic stimulation	5	176618
883.13	0	photic stimulation	5	176626
883.17	0	photic stimulation	5	176634
883.21	0	photic stimulation	5	176642
883.25	0	photic stimulation	5	176650
883.29	0	photic stimulation	5	176658
883.33	0	photic stimulation	5	176666
883.37	0	photic stimulation	5	176674
883.41	0	photic stimulation	5	176682
883.45	0	photic stimulation	5	176690
883.49	0	photic stimulation	5	176698
883.53	0	photic stimulation	5	176706
883.57	0	photic stimulation	5	176714
883.61	0	photic stimulation	5	176722
883.65	0	photic stimulation	5	176730
883.69	0	photic stimulation	5	176738
883.73	0	photic stimulation	5	176746
883.77	0	photic stimulation	5	176754
883.81	0	photic stimulation	5	176762
883.85	0	photic stimulation	5	176770
883.89	0	photic stimulation	5	176778
883.93	0	photic stimulation	5	176786
883.97	0	photic stimulation	5	176794
884.01	0	photic stimulation	5	176802
884.05	0	photic stimulation	5	176810
884.09	0	photic stimulation	5	176818
884.13	0	photic stimulation	5	176826
884.17	0	photic stimulation	5	176834
884.21	0	photic stimulation	5	176842
884.25	0	photic stimulation	5	176850
884.29	0	photic stimulation	5	176858
884.33	0	photic stimulation	5	176866
884.37	0	photic stimulation	5	176874
884.41	0	photic stimulation	5	176882
884.45	0	photic stimulation	5	176890
884.49	0	photic stimulation	5	176898
884.53	0	photic stimulation	5	176906
884.57	0	photic stimulation	5	176914
884.61	0	photic stimulation	5	176922
884.65	0	photic stimulation	5	176930
884.69	0	photic stimulation	5	176938
884.73	0	photic stimulation	5	176946
884.77	0	photic stimulation	5	176954
884.81	0	photic stimulation	5	176962
884.85	0	photic stimulation	5	176970
884.89	0	photic stimulation	5	176978
884.93	0	photic stimulation	5	176986
884.97	0	photic stimulation	5	176994
885.01	0	photic stimulation	5	177002
885.05	0	photic stimulation	5	177010
885.09	0	photic stimulation	5	177018
885.13	0	photic stimulation	5	177026
885.17	0	photic stimulation	5	177034
885.21	0	photic stimulation	5	177042
885.25	0	photic stimulation	5	177050
885.29	0	photic stimulation	5	177058
885.33	0	photic stimulation	5	177066
885.37	0	photic stimulation	5	177074
885.41	0	photic stimulation	5	177082
885.45	0	photic stimulation	5	177090
885.49	0	photic stimulation	5	177098
885.53	0	photic stimulation	5	177106
885.57	0	photic stimulation	5	177114
885.61	0	photic stimulation	5	177122
885.65	0	photic stimulation	5	177130
885.69	0	photic stimulation	5	177138
885.73	0	photic stimulation	5	177146
885.77	0	photic stimulation	5	177154
885.81	0	photic stimulation	5	177162
885.85	0	photic stimulation	5	177170
885.89	0	photic stimulation	5	177178
885.93	0	photic stimulation	5	177186
885.97	0	photic stimulation	5	177194
886.01	0	photic stimulation	5	177202
886.05	0	photic stimulation	5	177210
886.09	0	photic stimulation	5	177218
886.13	0	photic stimulation	5	177226
886.17	0	photic stimulation	5	177234
886.21	0	photic stimulation	5	177242
886.25	0	photic stimulation	5	177250
886.29	0	photic stimulation	5	177258
886.33	0	photic stimulation	5	177266
886.37	0	photic stimulation	5	177274
886.41	0	photic stimulation	5	177282
886.45	0	photic stimulation	5	177290
886.49	0	photic stimulation	5	177298
886.53	0	photic stimulation	5	177306
886.57	0	photic stimulation	5	177314
886.61	0	photic stimulation	5	177322
886.65	0	photic stimulation	5	177330
886.69	0	photic stimulation	5	177338
886.73	0	photic stimulation	5	177346
886.77	0	photic stimulation	5	177354
886.81	0	photic stimulation	5	177362
886.85	0	photic stimulation	5	177370
886.89	0	photic stimulation	5	177378
886.93	0	photic stimulation	5	177386
886.97	0	photic stimulation	5	177394
887.01	0	photic stimulation	5	177402
887.05	0	photic stimulation	5	177410
887.09	0	photic stimulation	5	177418
887.13	0	photic stimulation	5	177426
887.17	0	photic stimulation	5	177434
887.21	0	photic stimulation	5	177442
887.25	0	photic stimulation	5	177450
887.29	0	photic stimulation	5	177458
887.33	0	photic stimulation	5	177466
887.37	0	photic stimulation	5	177474
887.41	0	photic stimulation	5	177482
887.45	0	photic stimulation	5	177490
887.49	0	photic stimulation	5	177498
887.53	0	photic stimulation	5	177506
887.57	0	photic stimulation	5	177514
887.61	0	photic stimulation	5	177522
887.65	0	photic stimulation	5	177530
887.69	0	photic stimulation	5	177538
887.73	0	photic stimulation	5	177546
887.77	0	photic stimulation	5	177554
892.805	0	photic stimulation	5	178561
892.84	0	photic stimulation	5	178568
892.88	0	photic stimulation	5	178576
892.915	0	photic stimulation	5	178583
892.955	0	photic stimulation	5	178591
892.99	0	photic stimulation	5	178598
893.025	0	photic stimulation	5	178605
893.065	0	photic stimulation	5	178613
893.1	0	photic stimulation	5	178620
893.135	0	photic stimulation	5	178627
893.175	0	photic stimulation	5	178635
893.21	0	photic stimulation	5	178642
893.25	0	photic stimulation	5	178650
893.285	0	photic stimulation	5	178657
893.32	0	photic stimulation	5	178664
893.36	0	photic stimulation	5	178672
893.395	0	photic stimulation	5	178679
893.435	0	photic stimulation	5	178687
893.47	0	photic stimulation	5	178694
893.505	0	photic stimulation	5	178701
893.545	0	photic stimulation	5	178709
893.58	0	photic stimulation	5	178716
893.62	0	photic stimulation	5	178724
893.655	0	photic stimulation	5	178731
893.69	0	photic stimulation	5	178738
893.73	0	photic stimulation	5	178746
893.765	0	photic stimulation	5	178753
893.8	0	photic stimulation	5	178760
893.84	0	photic stimulation	5	178768
893.875	0	photic stimulation	5	178775
893.915	0	photic stimulation	5	178783
893.95	0	photic stimulation	5	178790
893.985	0	photic stimulation	5	178797
894.025	0	photic stimulation	5	178805
894.06	0	photic stimulation	5	178812
894.1	0	photic stimulation	5	178820
894.135	0	photic stimulation	5	178827
894.17	0	photic stimulation	5	178834
894.21	0	photic stimulation	5	178842
894.245	0	photic stimulation	5	178849
894.285	0	photic stimulation	5	178857
894.32	0	photic stimulation	5	178864
894.355	0	photic stimulation	5	178871
894.395	0	photic stimulation	5	178879
894.43	0	photic stimulation	5	178886
894.465	0	photic stimulation	5	178893
894.505	0	photic stimulation	5	178901
894.54	0	photic stimulation	5	178908
894.58	0	photic stimulation	5	178916
894.615	0	photic stimulation	5	178923
894.65	0	photic stimulation	5	178930
894.69	0	photic stimulation	5	178938
894.725	0	photic stimulation	5	178945
894.765	0	photic stimulation	5	178953
894.8	0	photic stimulation	5	178960
894.835	0	photic stimulation	5	178967
894.875	0	photic stimulation	5	178975
894.91	0	photic stimulation	5	178982
894.95	0	photic stimulation	5	178990
894.985	0	photic stimulation	5	178997
895.02	0	photic stimulation	5	179004
895.06	0	photic stimulation	5	179012
895.095	0	photic stimulation	5	179019
895.13	0	photic stimulation	5	179026
895.17	0	photic stimulation	5	179034
895.205	0	photic stimulation	5	179041
895.245	0	photic stimulation	5	179049
895.28	0	photic stimulation	5	179056
895.315	0	photic stimulation	5	179063
895.355	0	photic stimulation	5	179071
895.39	0	photic stimulation	5	179078
895.43	0	photic stimulation	5	179086
895.465	0	photic stimulation	5	179093
895.5	0	photic stimulation	5	179100
895.54	0	photic stimulation	5	179108
895.575	0	photic stimulation	5	179115
895.615	0	photic stimulation	5	179123
895.65	0	photic stimulation	5	179130
895.685	0	photic stimulation	5	179137
895.725	0	photic stimulation	5	179145
895.76	0	photic stimulation	5	179152
895.795	0	photic stimulation	5	179159
895.835	0	photic stimulation	5	179167
895.87	0	photic stimulation	5	179174
895.91	0	photic stimulation	5	179182
895.945	0	photic stimulation	5	179189
895.98	0	photic stimulation	5	179196
896.02	0	photic stimulation	5	179204
896.055	0	photic stimulation	5	179211
896.095	0	photic stimulation	5	179219
896.13	0	photic stimulation	5	179226
896.165	0	photic stimulation	5	179233
896.205	0	photic stimulation	5	179241
896.24	0	photic stimulation	5	179248
896.28	0	photic stimulation	5	179256
896.315	0	photic stimulation	5	179263
896.35	0	photic stimulation	5	179270
896.39	0	photic stimulation	5	179278
896.425	0	photic stimulation	5	179285
896.46	0	photic stimulation	5	179292
896.5	0	photic stimulation	5	179300
896.535	0	photic stimulation	5	179307
896.575	0	photic stimulation	5	179315
896.61	0	photic stimulation	5	179322
896.645	0	photic stimulation	5	179329
896.685	0	photic stimulation	5	179337
896.72	0	photic stimulation	5	179344
896.76	0	photic stimulation	5	179352
896.795	0	photic stimulation	5	179359
896.83	0	photic stimulation	5	179366
896.87	0	photic stimulation	5	179374
896.905	0	photic stimulation	5	179381
896.945	0	photic stimulation	5	179389
896.98	0	photic stimulation	5	179396
897.015	0	photic stimulation	5	179403
897.055	0	photic stimulation	5	179411
897.09	0	photic stimulation	5	179418
897.125	0	photic stimulation	5	179425
897.165	0	photic stimulation	5	179433
897.2	0	photic stimulation	5	179440
897.24	0	photic stimulation	5	179448
897.275	0	photic stimulation	5	179455
897.31	0	photic stimulation	5	179462
897.35	0	photic stimulation	5	179470
897.385	0	photic stimulation	5	179477
897.425	0	photic stimulation	5	179485
897.46	0	photic stimulation	5	179492
897.495	0	photic stimulation	5	179499
897.535	0	photic stimulation	5	179507
897.57	0	photic stimulation	5	179514
897.61	0	photic stimulation	5	179522
897.645	0	photic stimulation	5	179529
897.68	0	photic stimulation	5	179536
897.72	0	photic stimulation	5	179544
897.755	0	photic stimulation	5	179551
897.79	0	photic stimulation	5	179558
897.83	0	photic stimulation	5	179566
897.865	0	photic stimulation	5	179573
897.905	0	photic stimulation	5	179581
897.94	0	photic stimulation	5	179588
897.975	0	photic stimulation	5	179595
898.015	0	photic stimulation	5	179603
898.05	0	photic stimulation	5	179610
898.09	0	photic stimulation	5	179618
898.125	0	photic stimulation	5	179625
898.16	0	photic stimulation	5	179632
898.2	0	photic stimulation	5	179640
898.235	0	photic stimulation	5	179647
898.275	0	photic stimulation	5	179655
898.31	0	photic stimulation	5	179662
898.345	0	photic stimulation	5	179669
898.385	0	photic stimulation	5	179677
898.42	0	photic stimulation	5	179684
898.455	0	photic stimulation	5	179691
898.495	0	photic stimulation	5	179699
898.53	0	photic stimulation	5	179706
898.57	0	photic stimulation	5	179714
898.605	0	photic stimulation	5	179721
898.64	0	photic stimulation	5	179728
898.68	0	photic stimulation	5	179736
898.715	0	photic stimulation	5	179743
898.755	0	photic stimulation	5	179751
898.79	0	photic stimulation	5	179758
898.825	0	photic stimulation	5	179765
898.865	0	photic stimulation	5	179773
898.9	0	photic stimulation	5	179780
898.94	0	photic stimulation	5	179788
898.975	0	photic stimulation	5	179795
899.01	0	photic stimulation	5	179802
899.05	0	photic stimulation	5	179810
899.085	0	photic stimulation	5	179817
899.12	0	photic stimulation	5	179824
899.16	0	photic stimulation	5	179832
899.195	0	photic stimulation	5	179839
899.235	0	photic stimulation	5	179847
899.27	0	photic stimulation	5	179854
899.305	0	photic stimulation	5	179861
899.345	0	photic stimulation	5	179869
899.38	0	photic stimulation	5	179876
899.42	0	photic stimulation	5	179884
899.455	0	photic stimulation	5	179891
899.49	0	photic stimulation	5	179898
899.53	0	photic stimulation	5	179906
899.565	0	photic stimulation	5	179913
899.605	0	photic stimulation	5	179921
899.64	0	photic stimulation	5	179928
899.675	0	photic stimulation	5	179935
899.715	0	photic stimulation	5	179943
899.75	0	photic stimulation	5	179950
899.785	0	photic stimulation	5	179957
899.825	0	photic stimulation	5	179965
899.86	0	photic stimulation	5	179972
899.9	0	photic stimulation	5	179980
899.935	0	photic stimulation	5	179987
899.97	0	photic stimulation	5	179994
900.01	0	photic stimulation	5	180002
900.045	0	photic stimulation	5	180009
900.085	0	photic stimulation	5	180017
900.12	0	photic stimulation	5	180024
900.155	0	photic stimulation	5	180031
900.195	0	photic stimulation	5	180039
900.23	0	photic stimulation	5	180046
900.27	0	photic stimulation	5	180054
900.305	0	photic stimulation	5	180061
900.34	0	photic stimulation	5	180068
900.38	0	photic stimulation	5	180076
900.415	0	photic stimulation	5	180083
900.45	0	photic stimulation	5	180090
900.49	0	photic stimulation	5	180098
900.525	0	photic stimulation	5	180105
900.565	0	photic stimulation	5	180113
900.6	0	photic stimulation	5	180120
900.635	0	photic stimulation	5	180127
900.675	0	photic stimulation	5	180135
900.71	0	photic stimulation	5	180142
900.75	0	photic stimulation	5	180150
900.785	0	photic stimulation	5	180157
900.82	0	photic stimulation	5	180164
900.86	0	photic stimulation	5	180172
900.895	0	photic stimulation	5	180179
900.935	0	photic stimulation	5	180187
900.97	0	photic stimulation	5	180194
901.005	0	photic stimulation	5	180201
901.045	0	photic stimulation	5	180209
901.08	0	photic stimulation	5	180216
901.115	0	photic stimulation	5	180223
901.155	0	photic stimulation	5	180231
901.19	0	photic stimulation	5	180238
901.23	0	photic stimulation	5	180246
901.265	0	photic stimulation	5	180253
901.3	0	photic stimulation	5	180260
901.34	0	photic stimulation	5	180268
901.375	0	photic stimulation	5	180275
901.415	0	photic stimulation	5	180283
901.45	0	photic stimulation	5	180290
901.485	0	photic stimulation	5	180297
901.525	0	photic stimulation	5	180305
901.56	0	photic stimulation	5	180312
901.6	0	photic stimulation	5	180320
901.635	0	photic stimulation	5	180327
901.67	0	photic stimulation	5	180334
901.71	0	photic stimulation	5	180342
901.745	0	photic stimulation	5	180349
901.78	0	photic stimulation	5	180356
901.82	0	photic stimulation	5	180364
901.855	0	photic stimulation	5	180371
901.895	0	photic stimulation	5	180379
901.93	0	photic stimulation	5	180386
901.965	0	photic stimulation	5	180393
902.005	0	photic stimulation	5	180401
902.04	0	photic stimulation	5	180408
902.08	0	photic stimulation	5	180416
902.115	0	photic stimulation	5	180423
902.15	0	photic stimulation	5	180430
902.19	0	photic stimulation	5	180438
902.225	0	photic stimulation	5	180445
902.265	0	photic stimulation	5	180453
902.3	0	photic stimulation	5	180460
902.335	0	photic stimulation	5	180467
902.375	0	photic stimulation	5	180475
902.41	0	photic stimulation	5	180482
902.445	0	photic stimulation	5	180489
902.485	0	photic stimulation	5	180497
902.52	0	photic stimulation	5	180504
902.56	0	photic stimulation	5	180512
902.595	0	photic stimulation	5	180519
902.63	0	photic stimulation	5	180526
902.67	0	photic stimulation	5	180534
902.705	0	photic stimulation	5	180541
902.745	0	photic stimulation	5	180549
902.77	0	photic stimulation	5	180554
907.8	0	photic stimulation	5	181560
907.835	0	photic stimulation	5	181567
907.87	0	photic stimulation	5	181574
907.905	0	photic stimulation	5	181581
907.94	0	photic stimulation	5	181588
907.975	0	photic stimulation	5	181595
908.01	0	photic stimulation	5	181602
908.045	0	photic stimulation	5	181609
908.08	0	photic stimulation	5	181616
908.11	0	photic stimulation	5	181622
908.145	0	photic stimulation	5	181629
908.18	0	photic stimulation	5	181636
908.215	0	photic stimulation	5	181643
908.25	0	photic stimulation	5	181650
908.285	0	photic stimulation	5	181657
908.32	0	photic stimulation	5	181664
908.355	0	photic stimulation	5	181671
908.39	0	photic stimulation	5	181678
908.42	0	photic stimulation	5	181684
908.455	0	photic stimulation	5	181691
908.49	0	photic stimulation	5	181698
908.525	0	photic stimulation	5	181705
908.56	0	photic stimulation	5	181712
908.595	0	photic stimulation	5	181719
908.63	0	photic stimulation	5	181726
908.665	0	photic stimulation	5	181733
908.7	0	photic stimulation	5	181740
908.73	0	photic stimulation	5	181746
908.765	0	photic stimulation	5	181753
908.8	0	photic stimulation	5	181760
908.835	0	photic stimulation	5	181767
908.87	0	photic stimulation	5	181774
908.905	0	photic stimulation	5	181781
908.94	0	photic stimulation	5	181788
908.975	0	photic stimulation	5	181795
909.01	0	photic stimulation	5	181802
909.04	0	photic stimulation	5	181808
909.075	0	photic stimulation	5	181815
909.11	0	photic stimulation	5	181822
909.145	0	photic stimulation	5	181829
909.18	0	photic stimulation	5	181836
909.215	0	photic stimulation	5	181843
909.25	0	photic stimulation	5	181850
909.285	0	photic stimulation	5	181857
909.32	0	photic stimulation	5	181864
909.35	0	photic stimulation	5	181870
909.385	0	photic stimulation	5	181877
909.42	0	photic stimulation	5	181884
909.455	0	photic stimulation	5	181891
909.49	0	photic stimulation	5	181898
909.525	0	photic stimulation	5	181905
909.56	0	photic stimulation	5	181912
909.595	0	photic stimulation	5	181919
909.63	0	photic stimulation	5	181926
909.66	0	photic stimulation	5	181932
909.695	0	photic stimulation	5	181939
909.73	0	photic stimulation	5	181946
909.765	0	photic stimulation	5	181953
909.8	0	photic stimulation	5	181960
909.835	0	photic stimulation	5	181967
909.87	0	photic stimulation	5	181974
909.905	0	photic stimulation	5	181981
909.94	0	photic stimulation	5	181988
909.97	0	photic stimulation	5	181994
910.005	0	photic stimulation	5	182001
910.04	0	photic stimulation	5	182008
910.075	0	photic stimulation	5	182015
910.11	0	photic stimulation	5	182022
910.145	0	photic stimulation	5	182029
910.18	0	photic stimulation	5	182036
910.215	0	photic stimulation	5	182043
910.25	0	photic stimulation	5	182050
910.28	0	photic stimulation	5	182056
910.315	0	photic stimulation	5	182063
910.35	0	photic stimulation	5	182070
910.385	0	photic stimulation	5	182077
910.42	0	photic stimulation	5	182084
910.455	0	photic stimulation	5	182091
910.49	0	photic stimulation	5	182098
910.525	0	photic stimulation	5	182105
910.56	0	photic stimulation	5	182112
910.59	0	photic stimulation	5	182118
910.625	0	photic stimulation	5	182125
910.66	0	photic stimulation	5	182132
910.695	0	photic stimulation	5	182139
910.73	0	photic stimulation	5	182146
910.765	0	photic stimulation	5	182153
910.8	0	photic stimulation	5	182160
910.835	0	photic stimulation	5	182167
910.87	0	photic stimulation	5	182174
910.9	0	photic stimulation	5	182180
910.935	0	photic stimulation	5	182187
910.97	0	photic stimulation	5	182194
911.005	0	photic stimulation	5	182201
911.04	0	photic stimulation	5	182208
911.075	0	photic stimulation	5	182215
911.11	0	photic stimulation	5	182222
911.145	0	photic stimulation	5	182229
911.18	0	photic stimulation	5	182236
911.21	0	photic stimulation	5	182242
911.245	0	photic stimulation	5	182249
911.28	0	photic stimulation	5	182256
911.315	0	photic stimulation	5	182263
911.35	0	photic stimulation	5	182270
911.385	0	photic stimulation	5	182277
911.42	0	photic stimulation	5	182284
911.455	0	photic stimulation	5	182291
911.49	0	photic stimulation	5	182298
911.52	0	photic stimulation	5	182304
911.555	0	photic stimulation	5	182311
911.59	0	photic stimulation	5	182318
911.625	0	photic stimulation	5	182325
911.66	0	photic stimulation	5	182332
911.695	0	photic stimulation	5	182339
911.73	0	photic stimulation	5	182346
911.765	0	photic stimulation	5	182353
911.8	0	photic stimulation	5	182360
911.83	0	photic stimulation	5	182366
911.865	0	photic stimulation	5	182373
911.9	0	photic stimulation	5	182380
911.935	0	photic stimulation	5	182387
911.97	0	photic stimulation	5	182394
912.005	0	photic stimulation	5	182401
912.04	0	photic stimulation	5	182408
912.075	0	photic stimulation	5	182415
912.11	0	photic stimulation	5	182422
912.14	0	photic stimulation	5	182428
912.175	0	photic stimulation	5	182435
912.21	0	photic stimulation	5	182442
912.245	0	photic stimulation	5	182449
912.28	0	photic stimulation	5	182456
912.315	0	photic stimulation	5	182463
912.35	0	photic stimulation	5	182470
912.385	0	photic stimulation	5	182477
912.42	0	photic stimulation	5	182484
912.45	0	photic stimulation	5	182490
912.485	0	photic stimulation	5	182497
912.52	0	photic stimulation	5	182504
912.555	0	photic stimulation	5	182511
912.59	0	photic stimulation	5	182518
912.625	0	photic stimulation	5	182525
912.66	0	photic stimulation	5	182532
912.695	0	photic stimulation	5	182539
912.73	0	photic stimulation	5	182546
912.76	0	photic stimulation	5	182552
912.795	0	photic stimulation	5	182559
912.83	0	photic stimulation	5	182566
912.865	0	photic stimulation	5	182573
912.9	0	photic stimulation	5	182580
912.935	0	photic stimulation	5	182587
912.97	0	photic stimulation	5	182594
913.005	0	photic stimulation	5	182601
913.04	0	photic stimulation	5	182608
913.07	0	photic stimulation	5	182614
913.105	0	photic stimulation	5	182621
913.14	0	photic stimulation	5	182628
913.175	0	photic stimulation	5	182635
913.21	0	photic stimulation	5	182642
913.245	0	photic stimulation	5	182649
913.28	0	photic stimulation	5	182656
913.315	0	photic stimulation	5	182663
913.35	0	photic stimulation	5	182670
913.38	0	photic stimulation	5	182676
913.415	0	photic stimulation	5	182683
913.45	0	photic stimulation	5	182690
913.485	0	photic stimulation	5	182697
913.52	0	photic stimulation	5	182704
913.555	0	photic stimulation	5	182711
913.59	0	photic stimulation	5	182718
913.625	0	photic stimulation	5	182725
913.66	0	photic stimulation	5	182732
913.69	0	photic stimulation	5	182738
913.725	0	photic stimulation	5	182745
913.76	0	photic stimulation	5	182752
913.795	0	photic stimulation	5	182759
913.83	0	photic stimulation	5	182766
913.865	0	photic stimulation	5	182773
913.9	0	photic stimulation	5	182780
913.935	0	photic stimulation	5	182787
913.97	0	photic stimulation	5	182794
914	0	photic stimulation	5	182800
914.035	0	photic stimulation	5	182807
914.07	0	photic stimulation	5	182814
914.105	0	photic stimulation	5	182821
914.14	0	photic stimulation	5	182828
914.175	0	photic stimulation	5	182835
914.21	0	photic stimulation	5	182842
914.245	0	photic stimulation	5	182849
914.28	0	photic stimulation	5	182856
914.31	0	photic stimulation	5	182862
914.345	0	photic stimulation	5	182869
914.38	0	photic stimulation	5	182876
914.415	0	photic stimulation	5	182883
914.45	0	photic stimulation	5	182890
914.485	0	photic stimulation	5	182897
914.52	0	photic stimulation	5	182904
914.555	0	photic stimulation	5	182911
914.59	0	photic stimulation	5	182918
914.62	0	photic stimulation	5	182924
914.655	0	photic stimulation	5	182931
914.69	0	photic stimulation	5	182938
914.725	0	photic stimulation	5	182945
914.76	0	photic stimulation	5	182952
914.795	0	photic stimulation	5	182959
914.83	0	photic stimulation	5	182966
914.865	0	photic stimulation	5	182973
914.9	0	photic stimulation	5	182980
914.93	0	photic stimulation	5	182986
914.965	0	photic stimulation	5	182993
915	0	photic stimulation	5	183000
915.035	0	photic stimulation	5	183007
915.07	0	photic stimulation	5	183014
915.105	0	photic stimulation	5	183021
915.14	0	photic stimulation	5	183028
915.175	0	photic stimulation	5	183035
915.21	0	photic stimulation	5	183042
915.24	0	photic stimulation	5	183048
915.275	0	photic stimulation	5	183055
915.31	0	photic stimulation	5	183062
915.345	0	photic stimulation	5	183069
915.38	0	photic stimulation	5	183076
915.415	0	photic stimulation	5	183083
915.45	0	photic stimulation	5	183090
915.485	0	photic stimulation	5	183097
915.52	0	photic stimulation	5	183104
915.55	0	photic stimulation	5	183110
915.585	0	photic stimulation	5	183117
915.62	0	photic stimulation	5	183124
915.655	0	photic stimulation	5	183131
915.69	0	photic stimulation	5	183138
915.725	0	photic stimulation	5	183145
915.76	0	photic stimulation	5	183152
915.795	0	photic stimulation	5	183159
915.83	0	photic stimulation	5	183166
915.86	0	photic stimulation	5	183172
915.895	0	photic stimulation	5	183179
915.93	0	photic stimulation	5	183186
915.965	0	photic stimulation	5	183193
916	0	photic stimulation	5	183200
916.035	0	photic stimulation	5	183207
916.07	0	photic stimulation	5	183214
916.105	0	photic stimulation	5	183221
916.14	0	photic stimulation	5	183228
916.17	0	photic stimulation	5	183234
916.205	0	photic stimulation	5	183241
916.24	0	photic stimulation	5	183248
916.275	0	photic stimulation	5	183255
916.31	0	photic stimulation	5	183262
916.345	0	photic stimulation	5	183269
916.38	0	photic stimulation	5	183276
916.415	0	photic stimulation	5	183283
916.45	0	photic stimulation	5	183290
916.48	0	photic stimulation	5	183296
916.515	0	photic stimulation	5	183303
916.55	0	photic stimulation	5	183310
916.585	0	photic stimulation	5	183317
916.62	0	photic stimulation	5	183324
916.655	0	photic stimulation	5	183331
916.69	0	photic stimulation	5	183338
916.725	0	photic stimulation	5	183345
916.76	0	photic stimulation	5	183352
916.79	0	photic stimulation	5	183358
916.825	0	photic stimulation	5	183365
916.86	0	photic stimulation	5	183372
916.895	0	photic stimulation	5	183379
916.93	0	photic stimulation	5	183386
916.965	0	photic stimulation	5	183393
917	0	photic stimulation	5	183400
917.035	0	photic stimulation	5	183407
917.07	0	photic stimulation	5	183414
917.1	0	photic stimulation	5	183420
917.135	0	photic stimulation	5	183427
917.17	0	photic stimulation	5	183434
917.205	0	photic stimulation	5	183441
917.24	0	photic stimulation	5	183448
917.275	0	photic stimulation	5	183455
917.31	0	photic stimulation	5	183462
917.345	0	photic stimulation	5	183469
917.38	0	photic stimulation	5	183476
917.41	0	photic stimulation	5	183482
917.445	0	photic stimulation	5	183489
917.48	0	photic stimulation	5	183496
917.515	0	photic stimulation	5	183503
917.55	0	photic stimulation	5	183510
917.585	0	photic stimulation	5	183517
917.62	0	photic stimulation	5	183524
917.655	0	photic stimulation	5	183531
917.69	0	photic stimulation	5	183538
917.72	0	photic stimulation	5	183544
917.755	0	photic stimulation	5	183551
917.77	0	photic stimulation	5	183554
931.995	0	recuperacion	70	186399
