onset	duration	trial_type	value	sample
0.005	0	ojos cerrados	65	1
191.68	0	ojos abiertos	66	38336
209.095	0	ojos cerrados	65	41819
224.74	0	ojos abiertos	66	44948
240.245	0	ojos cerrados	65	48049
260.025	0	ojos abiertos	66	52005
278.71	0	ojos cerrados	65	55742
300.945	0	ojos abiertos	66	60189
316.95	0	ojos cerrados	65	63390
322.36	0	hiperventilacion 1	67	64472
464.34	0	hiperventilacion 2	68	92868
469.515	0	hiperventilacion 3	69	93903
480.455	0	hiperventilacion 4	74	96091
541.965	0	recuperacion	70	108393
678.1	0	fotoestimulacion	71	135620
679.945	0	photic stimulation	5	135989
680.945	0	photic stimulation	5	136189
681.945	0	photic stimulation	5	136389
682.945	0	photic stimulation	5	136589
683.945	0	photic stimulation	5	136789
684.945	0	photic stimulation	5	136989
685.945	0	photic stimulation	5	137189
686.945	0	photic stimulation	5	137389
687.945	0	photic stimulation	5	137589
688.945	0	photic stimulation	5	137789
694.28	0	photic stimulation	5	138856
694.61	0	photic stimulation	5	138922
694.945	0	photic stimulation	5	138989
695.28	0	photic stimulation	5	139056
695.61	0	photic stimulation	5	139122
695.945	0	photic stimulation	5	139189
696.28	0	photic stimulation	5	139256
696.61	0	photic stimulation	5	139322
696.945	0	photic stimulation	5	139389
697.28	0	photic stimulation	5	139456
697.61	0	photic stimulation	5	139522
697.945	0	photic stimulation	5	139589
698.28	0	photic stimulation	5	139656
698.61	0	photic stimulation	5	139722
698.945	0	photic stimulation	5	139789
699.28	0	photic stimulation	5	139856
699.61	0	photic stimulation	5	139922
699.945	0	photic stimulation	5	139989
700.28	0	photic stimulation	5	140056
700.61	0	photic stimulation	5	140122
700.945	0	photic stimulation	5	140189
701.28	0	photic stimulation	5	140256
701.61	0	photic stimulation	5	140322
701.945	0	photic stimulation	5	140389
702.28	0	photic stimulation	5	140456
702.61	0	photic stimulation	5	140522
702.945	0	photic stimulation	5	140589
703.28	0	photic stimulation	5	140656
703.61	0	photic stimulation	5	140722
703.945	0	photic stimulation	5	140789
709.145	0	photic stimulation	5	141829
709.345	0	photic stimulation	5	141869
709.545	0	photic stimulation	5	141909
709.745	0	photic stimulation	5	141949
709.945	0	photic stimulation	5	141989
710.145	0	photic stimulation	5	142029
710.345	0	photic stimulation	5	142069
710.545	0	photic stimulation	5	142109
710.745	0	photic stimulation	5	142149
710.945	0	photic stimulation	5	142189
711.145	0	photic stimulation	5	142229
711.345	0	photic stimulation	5	142269
711.545	0	photic stimulation	5	142309
711.745	0	photic stimulation	5	142349
711.945	0	photic stimulation	5	142389
712.145	0	photic stimulation	5	142429
712.345	0	photic stimulation	5	142469
712.545	0	photic stimulation	5	142509
712.745	0	photic stimulation	5	142549
712.945	0	photic stimulation	5	142589
713.145	0	photic stimulation	5	142629
713.345	0	photic stimulation	5	142669
713.545	0	photic stimulation	5	142709
713.745	0	photic stimulation	5	142749
713.945	0	photic stimulation	5	142789
714.145	0	photic stimulation	5	142829
714.345	0	photic stimulation	5	142869
714.545	0	photic stimulation	5	142909
714.745	0	photic stimulation	5	142949
714.945	0	photic stimulation	5	142989
715.145	0	photic stimulation	5	143029
715.345	0	photic stimulation	5	143069
715.545	0	photic stimulation	5	143109
715.745	0	photic stimulation	5	143149
715.945	0	photic stimulation	5	143189
716.145	0	photic stimulation	5	143229
716.345	0	photic stimulation	5	143269
716.545	0	photic stimulation	5	143309
716.745	0	photic stimulation	5	143349
716.945	0	photic stimulation	5	143389
717.145	0	photic stimulation	5	143429
717.345	0	photic stimulation	5	143469
717.545	0	photic stimulation	5	143509
717.745	0	photic stimulation	5	143549
717.945	0	photic stimulation	5	143589
718.145	0	photic stimulation	5	143629
718.345	0	photic stimulation	5	143669
718.545	0	photic stimulation	5	143709
718.745	0	photic stimulation	5	143749
718.945	0	photic stimulation	5	143789
724.085	0	photic stimulation	5	144817
724.23	0	photic stimulation	5	144846
724.375	0	photic stimulation	5	144875
724.515	0	photic stimulation	5	144903
724.66	0	photic stimulation	5	144932
724.8	0	photic stimulation	5	144960
724.945	0	photic stimulation	5	144989
725.085	0	photic stimulation	5	145017
725.23	0	photic stimulation	5	145046
725.37	0	photic stimulation	5	145074
725.515	0	photic stimulation	5	145103
725.66	0	photic stimulation	5	145132
725.8	0	photic stimulation	5	145160
725.945	0	photic stimulation	5	145189
726.085	0	photic stimulation	5	145217
726.23	0	photic stimulation	5	145246
726.37	0	photic stimulation	5	145274
726.515	0	photic stimulation	5	145303
726.655	0	photic stimulation	5	145331
726.8	0	photic stimulation	5	145360
726.945	0	photic stimulation	5	145389
727.085	0	photic stimulation	5	145417
727.23	0	photic stimulation	5	145446
727.37	0	photic stimulation	5	145474
727.515	0	photic stimulation	5	145503
727.655	0	photic stimulation	5	145531
727.8	0	photic stimulation	5	145560
727.94	0	photic stimulation	5	145588
728.085	0	photic stimulation	5	145617
728.23	0	photic stimulation	5	145646
728.37	0	photic stimulation	5	145674
728.515	0	photic stimulation	5	145703
728.655	0	photic stimulation	5	145731
728.8	0	photic stimulation	5	145760
728.94	0	photic stimulation	5	145788
729.085	0	photic stimulation	5	145817
729.225	0	photic stimulation	5	145845
729.37	0	photic stimulation	5	145874
729.515	0	photic stimulation	5	145903
729.655	0	photic stimulation	5	145931
729.8	0	photic stimulation	5	145960
729.94	0	photic stimulation	5	145988
730.085	0	photic stimulation	5	146017
730.225	0	photic stimulation	5	146045
730.37	0	photic stimulation	5	146074
730.51	0	photic stimulation	5	146102
730.655	0	photic stimulation	5	146131
730.8	0	photic stimulation	5	146160
730.94	0	photic stimulation	5	146188
731.085	0	photic stimulation	5	146217
731.225	0	photic stimulation	5	146245
731.37	0	photic stimulation	5	146274
731.51	0	photic stimulation	5	146302
731.655	0	photic stimulation	5	146331
731.795	0	photic stimulation	5	146359
731.94	0	photic stimulation	5	146388
732.085	0	photic stimulation	5	146417
732.225	0	photic stimulation	5	146445
732.37	0	photic stimulation	5	146474
732.51	0	photic stimulation	5	146502
732.655	0	photic stimulation	5	146531
732.795	0	photic stimulation	5	146559
732.94	0	photic stimulation	5	146588
733.08	0	photic stimulation	5	146616
733.225	0	photic stimulation	5	146645
733.37	0	photic stimulation	5	146674
733.51	0	photic stimulation	5	146702
733.655	0	photic stimulation	5	146731
733.795	0	photic stimulation	5	146759
733.94	0	photic stimulation	5	146788
733.945	0	photic stimulation	5	146789
739.07	0	photic stimulation	5	147814
739.195	0	photic stimulation	5	147839
739.32	0	photic stimulation	5	147864
739.445	0	photic stimulation	5	147889
739.57	0	photic stimulation	5	147914
739.695	0	photic stimulation	5	147939
739.82	0	photic stimulation	5	147964
739.945	0	photic stimulation	5	147989
740.07	0	photic stimulation	5	148014
740.195	0	photic stimulation	5	148039
740.32	0	photic stimulation	5	148064
740.445	0	photic stimulation	5	148089
740.57	0	photic stimulation	5	148114
740.695	0	photic stimulation	5	148139
740.82	0	photic stimulation	5	148164
740.945	0	photic stimulation	5	148189
741.07	0	photic stimulation	5	148214
741.195	0	photic stimulation	5	148239
741.32	0	photic stimulation	5	148264
741.445	0	photic stimulation	5	148289
741.57	0	photic stimulation	5	148314
741.695	0	photic stimulation	5	148339
741.82	0	photic stimulation	5	148364
741.945	0	photic stimulation	5	148389
742.07	0	photic stimulation	5	148414
742.195	0	photic stimulation	5	148439
742.32	0	photic stimulation	5	148464
742.445	0	photic stimulation	5	148489
742.57	0	photic stimulation	5	148514
742.695	0	photic stimulation	5	148539
742.82	0	photic stimulation	5	148564
742.945	0	photic stimulation	5	148589
743.07	0	photic stimulation	5	148614
743.195	0	photic stimulation	5	148639
743.32	0	photic stimulation	5	148664
743.445	0	photic stimulation	5	148689
743.57	0	photic stimulation	5	148714
743.695	0	photic stimulation	5	148739
743.82	0	photic stimulation	5	148764
743.945	0	photic stimulation	5	148789
744.07	0	photic stimulation	5	148814
744.195	0	photic stimulation	5	148839
744.32	0	photic stimulation	5	148864
744.445	0	photic stimulation	5	148889
744.57	0	photic stimulation	5	148914
744.695	0	photic stimulation	5	148939
744.82	0	photic stimulation	5	148964
744.945	0	photic stimulation	5	148989
745.07	0	photic stimulation	5	149014
745.195	0	photic stimulation	5	149039
745.32	0	photic stimulation	5	149064
745.445	0	photic stimulation	5	149089
745.57	0	photic stimulation	5	149114
745.695	0	photic stimulation	5	149139
745.82	0	photic stimulation	5	149164
745.945	0	photic stimulation	5	149189
746.07	0	photic stimulation	5	149214
746.195	0	photic stimulation	5	149239
746.32	0	photic stimulation	5	149264
746.445	0	photic stimulation	5	149289
746.57	0	photic stimulation	5	149314
746.695	0	photic stimulation	5	149339
746.82	0	photic stimulation	5	149364
746.945	0	photic stimulation	5	149389
747.07	0	photic stimulation	5	149414
747.195	0	photic stimulation	5	149439
747.32	0	photic stimulation	5	149464
747.445	0	photic stimulation	5	149489
747.57	0	photic stimulation	5	149514
747.695	0	photic stimulation	5	149539
747.82	0	photic stimulation	5	149564
747.945	0	photic stimulation	5	149589
748.07	0	photic stimulation	5	149614
748.195	0	photic stimulation	5	149639
748.32	0	photic stimulation	5	149664
748.445	0	photic stimulation	5	149689
748.57	0	photic stimulation	5	149714
748.695	0	photic stimulation	5	149739
748.82	0	photic stimulation	5	149764
748.945	0	photic stimulation	5	149789
754.055	0	photic stimulation	5	150811
754.165	0	photic stimulation	5	150833
754.28	0	photic stimulation	5	150856
754.39	0	photic stimulation	5	150878
754.5	0	photic stimulation	5	150900
754.61	0	photic stimulation	5	150922
754.72	0	photic stimulation	5	150944
754.835	0	photic stimulation	5	150967
754.945	0	photic stimulation	5	150989
755.055	0	photic stimulation	5	151011
755.165	0	photic stimulation	5	151033
755.28	0	photic stimulation	5	151056
755.39	0	photic stimulation	5	151078
755.5	0	photic stimulation	5	151100
755.61	0	photic stimulation	5	151122
755.72	0	photic stimulation	5	151144
755.835	0	photic stimulation	5	151167
755.945	0	photic stimulation	5	151189
756.055	0	photic stimulation	5	151211
756.165	0	photic stimulation	5	151233
756.28	0	photic stimulation	5	151256
756.39	0	photic stimulation	5	151278
756.5	0	photic stimulation	5	151300
756.61	0	photic stimulation	5	151322
756.72	0	photic stimulation	5	151344
756.835	0	photic stimulation	5	151367
756.945	0	photic stimulation	5	151389
757.055	0	photic stimulation	5	151411
757.165	0	photic stimulation	5	151433
757.28	0	photic stimulation	5	151456
757.39	0	photic stimulation	5	151478
757.5	0	photic stimulation	5	151500
757.61	0	photic stimulation	5	151522
757.72	0	photic stimulation	5	151544
757.835	0	photic stimulation	5	151567
757.945	0	photic stimulation	5	151589
758.055	0	photic stimulation	5	151611
758.165	0	photic stimulation	5	151633
758.28	0	photic stimulation	5	151656
758.39	0	photic stimulation	5	151678
758.5	0	photic stimulation	5	151700
758.61	0	photic stimulation	5	151722
758.72	0	photic stimulation	5	151744
758.835	0	photic stimulation	5	151767
758.945	0	photic stimulation	5	151789
759.055	0	photic stimulation	5	151811
759.165	0	photic stimulation	5	151833
759.28	0	photic stimulation	5	151856
759.39	0	photic stimulation	5	151878
759.5	0	photic stimulation	5	151900
759.61	0	photic stimulation	5	151922
759.72	0	photic stimulation	5	151944
759.835	0	photic stimulation	5	151967
759.945	0	photic stimulation	5	151989
760.055	0	photic stimulation	5	152011
760.165	0	photic stimulation	5	152033
760.28	0	photic stimulation	5	152056
760.39	0	photic stimulation	5	152078
760.5	0	photic stimulation	5	152100
760.61	0	photic stimulation	5	152122
760.72	0	photic stimulation	5	152144
760.835	0	photic stimulation	5	152167
760.945	0	photic stimulation	5	152189
761.055	0	photic stimulation	5	152211
761.165	0	photic stimulation	5	152233
761.28	0	photic stimulation	5	152256
761.39	0	photic stimulation	5	152278
761.5	0	photic stimulation	5	152300
761.61	0	photic stimulation	5	152322
761.72	0	photic stimulation	5	152344
761.835	0	photic stimulation	5	152367
761.945	0	photic stimulation	5	152389
762.055	0	photic stimulation	5	152411
762.165	0	photic stimulation	5	152433
762.28	0	photic stimulation	5	152456
762.39	0	photic stimulation	5	152478
762.5	0	photic stimulation	5	152500
762.61	0	photic stimulation	5	152522
762.72	0	photic stimulation	5	152544
762.835	0	photic stimulation	5	152567
762.945	0	photic stimulation	5	152589
763.055	0	photic stimulation	5	152611
763.165	0	photic stimulation	5	152633
763.28	0	photic stimulation	5	152656
763.39	0	photic stimulation	5	152678
763.5	0	photic stimulation	5	152700
763.61	0	photic stimulation	5	152722
763.72	0	photic stimulation	5	152744
763.835	0	photic stimulation	5	152767
763.945	0	photic stimulation	5	152789
769.045	0	photic stimulation	5	153809
769.145	0	photic stimulation	5	153829
769.245	0	photic stimulation	5	153849
769.345	0	photic stimulation	5	153869
769.445	0	photic stimulation	5	153889
769.545	0	photic stimulation	5	153909
769.645	0	photic stimulation	5	153929
769.745	0	photic stimulation	5	153949
769.845	0	photic stimulation	5	153969
769.945	0	photic stimulation	5	153989
770.045	0	photic stimulation	5	154009
770.145	0	photic stimulation	5	154029
770.245	0	photic stimulation	5	154049
770.345	0	photic stimulation	5	154069
770.445	0	photic stimulation	5	154089
770.545	0	photic stimulation	5	154109
770.645	0	photic stimulation	5	154129
770.745	0	photic stimulation	5	154149
770.845	0	photic stimulation	5	154169
770.945	0	photic stimulation	5	154189
771.045	0	photic stimulation	5	154209
771.145	0	photic stimulation	5	154229
771.245	0	photic stimulation	5	154249
771.345	0	photic stimulation	5	154269
771.445	0	photic stimulation	5	154289
771.545	0	photic stimulation	5	154309
771.645	0	photic stimulation	5	154329
771.745	0	photic stimulation	5	154349
771.845	0	photic stimulation	5	154369
771.945	0	photic stimulation	5	154389
772.045	0	photic stimulation	5	154409
772.145	0	photic stimulation	5	154429
772.245	0	photic stimulation	5	154449
772.345	0	photic stimulation	5	154469
772.445	0	photic stimulation	5	154489
772.545	0	photic stimulation	5	154509
772.645	0	photic stimulation	5	154529
772.745	0	photic stimulation	5	154549
772.845	0	photic stimulation	5	154569
772.945	0	photic stimulation	5	154589
773.045	0	photic stimulation	5	154609
773.145	0	photic stimulation	5	154629
773.245	0	photic stimulation	5	154649
773.345	0	photic stimulation	5	154669
773.445	0	photic stimulation	5	154689
773.545	0	photic stimulation	5	154709
773.645	0	photic stimulation	5	154729
773.745	0	photic stimulation	5	154749
773.845	0	photic stimulation	5	154769
773.945	0	photic stimulation	5	154789
774.045	0	photic stimulation	5	154809
774.145	0	photic stimulation	5	154829
774.245	0	photic stimulation	5	154849
774.345	0	photic stimulation	5	154869
774.445	0	photic stimulation	5	154889
774.545	0	photic stimulation	5	154909
774.645	0	photic stimulation	5	154929
774.745	0	photic stimulation	5	154949
774.845	0	photic stimulation	5	154969
774.945	0	photic stimulation	5	154989
775.045	0	photic stimulation	5	155009
775.145	0	photic stimulation	5	155029
775.245	0	photic stimulation	5	155049
775.345	0	photic stimulation	5	155069
775.445	0	photic stimulation	5	155089
775.545	0	photic stimulation	5	155109
775.645	0	photic stimulation	5	155129
775.745	0	photic stimulation	5	155149
775.845	0	photic stimulation	5	155169
775.945	0	photic stimulation	5	155189
776.045	0	photic stimulation	5	155209
776.145	0	photic stimulation	5	155229
776.245	0	photic stimulation	5	155249
776.345	0	photic stimulation	5	155269
776.445	0	photic stimulation	5	155289
776.545	0	photic stimulation	5	155309
776.645	0	photic stimulation	5	155329
776.745	0	photic stimulation	5	155349
776.845	0	photic stimulation	5	155369
776.945	0	photic stimulation	5	155389
777.045	0	photic stimulation	5	155409
777.145	0	photic stimulation	5	155429
777.245	0	photic stimulation	5	155449
777.345	0	photic stimulation	5	155469
777.445	0	photic stimulation	5	155489
777.545	0	photic stimulation	5	155509
777.645	0	photic stimulation	5	155529
777.745	0	photic stimulation	5	155549
777.845	0	photic stimulation	5	155569
777.945	0	photic stimulation	5	155589
778.045	0	photic stimulation	5	155609
778.145	0	photic stimulation	5	155629
778.245	0	photic stimulation	5	155649
778.345	0	photic stimulation	5	155669
778.445	0	photic stimulation	5	155689
778.545	0	photic stimulation	5	155709
778.645	0	photic stimulation	5	155729
778.745	0	photic stimulation	5	155749
778.845	0	photic stimulation	5	155769
778.945	0	photic stimulation	5	155789
784.035	0	photic stimulation	5	156807
784.125	0	photic stimulation	5	156825
784.215	0	photic stimulation	5	156843
784.31	0	photic stimulation	5	156862
784.4	0	photic stimulation	5	156880
784.49	0	photic stimulation	5	156898
784.58	0	photic stimulation	5	156916
784.67	0	photic stimulation	5	156934
784.76	0	photic stimulation	5	156952
784.855	0	photic stimulation	5	156971
784.945	0	photic stimulation	5	156989
785.035	0	photic stimulation	5	157007
785.125	0	photic stimulation	5	157025
785.215	0	photic stimulation	5	157043
785.305	0	photic stimulation	5	157061
785.4	0	photic stimulation	5	157080
785.49	0	photic stimulation	5	157098
785.58	0	photic stimulation	5	157116
785.67	0	photic stimulation	5	157134
785.76	0	photic stimulation	5	157152
785.85	0	photic stimulation	5	157170
785.945	0	photic stimulation	5	157189
786.035	0	photic stimulation	5	157207
786.125	0	photic stimulation	5	157225
786.215	0	photic stimulation	5	157243
786.305	0	photic stimulation	5	157261
786.395	0	photic stimulation	5	157279
786.49	0	photic stimulation	5	157298
786.58	0	photic stimulation	5	157316
786.67	0	photic stimulation	5	157334
786.76	0	photic stimulation	5	157352
786.85	0	photic stimulation	5	157370
786.94	0	photic stimulation	5	157388
787.035	0	photic stimulation	5	157407
787.125	0	photic stimulation	5	157425
787.215	0	photic stimulation	5	157443
787.305	0	photic stimulation	5	157461
787.395	0	photic stimulation	5	157479
787.485	0	photic stimulation	5	157497
787.58	0	photic stimulation	5	157516
787.67	0	photic stimulation	5	157534
787.76	0	photic stimulation	5	157552
787.85	0	photic stimulation	5	157570
787.94	0	photic stimulation	5	157588
788.03	0	photic stimulation	5	157606
788.125	0	photic stimulation	5	157625
788.215	0	photic stimulation	5	157643
788.305	0	photic stimulation	5	157661
788.395	0	photic stimulation	5	157679
788.485	0	photic stimulation	5	157697
788.575	0	photic stimulation	5	157715
788.67	0	photic stimulation	5	157734
788.76	0	photic stimulation	5	157752
788.85	0	photic stimulation	5	157770
788.94	0	photic stimulation	5	157788
789.03	0	photic stimulation	5	157806
789.12	0	photic stimulation	5	157824
789.215	0	photic stimulation	5	157843
789.305	0	photic stimulation	5	157861
789.395	0	photic stimulation	5	157879
789.485	0	photic stimulation	5	157897
789.575	0	photic stimulation	5	157915
789.665	0	photic stimulation	5	157933
789.76	0	photic stimulation	5	157952
789.85	0	photic stimulation	5	157970
789.94	0	photic stimulation	5	157988
790.03	0	photic stimulation	5	158006
790.12	0	photic stimulation	5	158024
790.21	0	photic stimulation	5	158042
790.305	0	photic stimulation	5	158061
790.395	0	photic stimulation	5	158079
790.485	0	photic stimulation	5	158097
790.575	0	photic stimulation	5	158115
790.665	0	photic stimulation	5	158133
790.755	0	photic stimulation	5	158151
790.85	0	photic stimulation	5	158170
790.94	0	photic stimulation	5	158188
791.03	0	photic stimulation	5	158206
791.12	0	photic stimulation	5	158224
791.21	0	photic stimulation	5	158242
791.3	0	photic stimulation	5	158260
791.395	0	photic stimulation	5	158279
791.485	0	photic stimulation	5	158297
791.575	0	photic stimulation	5	158315
791.665	0	photic stimulation	5	158333
791.755	0	photic stimulation	5	158351
791.845	0	photic stimulation	5	158369
791.94	0	photic stimulation	5	158388
792.03	0	photic stimulation	5	158406
792.12	0	photic stimulation	5	158424
792.21	0	photic stimulation	5	158442
792.3	0	photic stimulation	5	158460
792.39	0	photic stimulation	5	158478
792.485	0	photic stimulation	5	158497
792.575	0	photic stimulation	5	158515
792.665	0	photic stimulation	5	158533
792.755	0	photic stimulation	5	158551
792.845	0	photic stimulation	5	158569
792.935	0	photic stimulation	5	158587
793.03	0	photic stimulation	5	158606
793.12	0	photic stimulation	5	158624
793.21	0	photic stimulation	5	158642
793.3	0	photic stimulation	5	158660
793.39	0	photic stimulation	5	158678
793.48	0	photic stimulation	5	158696
793.575	0	photic stimulation	5	158715
793.665	0	photic stimulation	5	158733
793.755	0	photic stimulation	5	158751
793.845	0	photic stimulation	5	158769
793.935	0	photic stimulation	5	158787
793.945	0	photic stimulation	5	158789
799.03	0	photic stimulation	5	159806
799.11	0	photic stimulation	5	159822
799.195	0	photic stimulation	5	159839
799.28	0	photic stimulation	5	159856
799.36	0	photic stimulation	5	159872
799.445	0	photic stimulation	5	159889
799.53	0	photic stimulation	5	159906
799.61	0	photic stimulation	5	159922
799.695	0	photic stimulation	5	159939
799.78	0	photic stimulation	5	159956
799.86	0	photic stimulation	5	159972
799.945	0	photic stimulation	5	159989
800.03	0	photic stimulation	5	160006
800.11	0	photic stimulation	5	160022
800.195	0	photic stimulation	5	160039
800.28	0	photic stimulation	5	160056
800.36	0	photic stimulation	5	160072
800.445	0	photic stimulation	5	160089
800.53	0	photic stimulation	5	160106
800.61	0	photic stimulation	5	160122
800.695	0	photic stimulation	5	160139
800.78	0	photic stimulation	5	160156
800.86	0	photic stimulation	5	160172
800.945	0	photic stimulation	5	160189
801.03	0	photic stimulation	5	160206
801.11	0	photic stimulation	5	160222
801.195	0	photic stimulation	5	160239
801.28	0	photic stimulation	5	160256
801.36	0	photic stimulation	5	160272
801.445	0	photic stimulation	5	160289
801.53	0	photic stimulation	5	160306
801.61	0	photic stimulation	5	160322
801.695	0	photic stimulation	5	160339
801.78	0	photic stimulation	5	160356
801.86	0	photic stimulation	5	160372
801.945	0	photic stimulation	5	160389
802.03	0	photic stimulation	5	160406
802.11	0	photic stimulation	5	160422
802.195	0	photic stimulation	5	160439
802.28	0	photic stimulation	5	160456
802.36	0	photic stimulation	5	160472
802.445	0	photic stimulation	5	160489
802.53	0	photic stimulation	5	160506
802.61	0	photic stimulation	5	160522
802.695	0	photic stimulation	5	160539
802.78	0	photic stimulation	5	160556
802.86	0	photic stimulation	5	160572
802.945	0	photic stimulation	5	160589
803.03	0	photic stimulation	5	160606
803.11	0	photic stimulation	5	160622
803.195	0	photic stimulation	5	160639
803.28	0	photic stimulation	5	160656
803.36	0	photic stimulation	5	160672
803.445	0	photic stimulation	5	160689
803.53	0	photic stimulation	5	160706
803.61	0	photic stimulation	5	160722
803.695	0	photic stimulation	5	160739
803.78	0	photic stimulation	5	160756
803.86	0	photic stimulation	5	160772
803.945	0	photic stimulation	5	160789
804.03	0	photic stimulation	5	160806
804.11	0	photic stimulation	5	160822
804.195	0	photic stimulation	5	160839
804.28	0	photic stimulation	5	160856
804.36	0	photic stimulation	5	160872
804.445	0	photic stimulation	5	160889
804.53	0	photic stimulation	5	160906
804.61	0	photic stimulation	5	160922
804.695	0	photic stimulation	5	160939
804.78	0	photic stimulation	5	160956
804.86	0	photic stimulation	5	160972
804.945	0	photic stimulation	5	160989
805.03	0	photic stimulation	5	161006
805.11	0	photic stimulation	5	161022
805.195	0	photic stimulation	5	161039
805.28	0	photic stimulation	5	161056
805.36	0	photic stimulation	5	161072
805.445	0	photic stimulation	5	161089
805.53	0	photic stimulation	5	161106
805.61	0	photic stimulation	5	161122
805.695	0	photic stimulation	5	161139
805.78	0	photic stimulation	5	161156
805.86	0	photic stimulation	5	161172
805.945	0	photic stimulation	5	161189
806.03	0	photic stimulation	5	161206
806.11	0	photic stimulation	5	161222
806.195	0	photic stimulation	5	161239
806.28	0	photic stimulation	5	161256
806.36	0	photic stimulation	5	161272
806.445	0	photic stimulation	5	161289
806.53	0	photic stimulation	5	161306
806.61	0	photic stimulation	5	161322
806.695	0	photic stimulation	5	161339
806.78	0	photic stimulation	5	161356
806.86	0	photic stimulation	5	161372
806.945	0	photic stimulation	5	161389
807.03	0	photic stimulation	5	161406
807.11	0	photic stimulation	5	161422
807.195	0	photic stimulation	5	161439
807.28	0	photic stimulation	5	161456
807.36	0	photic stimulation	5	161472
807.445	0	photic stimulation	5	161489
807.53	0	photic stimulation	5	161506
807.61	0	photic stimulation	5	161522
807.695	0	photic stimulation	5	161539
807.78	0	photic stimulation	5	161556
807.86	0	photic stimulation	5	161572
807.945	0	photic stimulation	5	161589
808.03	0	photic stimulation	5	161606
808.11	0	photic stimulation	5	161622
808.195	0	photic stimulation	5	161639
808.28	0	photic stimulation	5	161656
808.36	0	photic stimulation	5	161672
808.445	0	photic stimulation	5	161689
808.53	0	photic stimulation	5	161706
808.61	0	photic stimulation	5	161722
808.695	0	photic stimulation	5	161739
808.78	0	photic stimulation	5	161756
808.86	0	photic stimulation	5	161772
808.945	0	photic stimulation	5	161789
814.02	0	photic stimulation	5	162804
814.1	0	photic stimulation	5	162820
814.175	0	photic stimulation	5	162835
814.25	0	photic stimulation	5	162850
814.33	0	photic stimulation	5	162866
814.405	0	photic stimulation	5	162881
814.485	0	photic stimulation	5	162897
814.56	0	photic stimulation	5	162912
814.635	0	photic stimulation	5	162927
814.715	0	photic stimulation	5	162943
814.79	0	photic stimulation	5	162958
814.87	0	photic stimulation	5	162974
814.945	0	photic stimulation	5	162989
815.02	0	photic stimulation	5	163004
815.1	0	photic stimulation	5	163020
815.175	0	photic stimulation	5	163035
815.25	0	photic stimulation	5	163050
815.33	0	photic stimulation	5	163066
815.405	0	photic stimulation	5	163081
815.485	0	photic stimulation	5	163097
815.56	0	photic stimulation	5	163112
815.635	0	photic stimulation	5	163127
815.715	0	photic stimulation	5	163143
815.79	0	photic stimulation	5	163158
815.87	0	photic stimulation	5	163174
815.945	0	photic stimulation	5	163189
816.02	0	photic stimulation	5	163204
816.1	0	photic stimulation	5	163220
816.175	0	photic stimulation	5	163235
816.255	0	photic stimulation	5	163251
816.33	0	photic stimulation	5	163266
816.405	0	photic stimulation	5	163281
816.485	0	photic stimulation	5	163297
816.56	0	photic stimulation	5	163312
816.635	0	photic stimulation	5	163327
816.715	0	photic stimulation	5	163343
816.79	0	photic stimulation	5	163358
816.87	0	photic stimulation	5	163374
816.945	0	photic stimulation	5	163389
817.02	0	photic stimulation	5	163404
817.1	0	photic stimulation	5	163420
817.175	0	photic stimulation	5	163435
817.255	0	photic stimulation	5	163451
817.33	0	photic stimulation	5	163466
817.405	0	photic stimulation	5	163481
817.485	0	photic stimulation	5	163497
817.56	0	photic stimulation	5	163512
817.64	0	photic stimulation	5	163528
817.715	0	photic stimulation	5	163543
817.79	0	photic stimulation	5	163558
817.87	0	photic stimulation	5	163574
817.945	0	photic stimulation	5	163589
818.02	0	photic stimulation	5	163604
818.1	0	photic stimulation	5	163620
818.175	0	photic stimulation	5	163635
818.255	0	photic stimulation	5	163651
818.33	0	photic stimulation	5	163666
818.405	0	photic stimulation	5	163681
818.485	0	photic stimulation	5	163697
818.56	0	photic stimulation	5	163712
818.64	0	photic stimulation	5	163728
818.715	0	photic stimulation	5	163743
818.79	0	photic stimulation	5	163758
818.87	0	photic stimulation	5	163774
818.945	0	photic stimulation	5	163789
819.025	0	photic stimulation	5	163805
819.1	0	photic stimulation	5	163820
819.175	0	photic stimulation	5	163835
819.255	0	photic stimulation	5	163851
819.33	0	photic stimulation	5	163866
819.405	0	photic stimulation	5	163881
819.485	0	photic stimulation	5	163897
819.56	0	photic stimulation	5	163912
819.64	0	photic stimulation	5	163928
819.715	0	photic stimulation	5	163943
819.79	0	photic stimulation	5	163958
819.87	0	photic stimulation	5	163974
819.945	0	photic stimulation	5	163989
820.025	0	photic stimulation	5	164005
820.1	0	photic stimulation	5	164020
820.175	0	photic stimulation	5	164035
820.255	0	photic stimulation	5	164051
820.33	0	photic stimulation	5	164066
820.41	0	photic stimulation	5	164082
820.485	0	photic stimulation	5	164097
820.56	0	photic stimulation	5	164112
820.64	0	photic stimulation	5	164128
820.715	0	photic stimulation	5	164143
820.79	0	photic stimulation	5	164158
820.87	0	photic stimulation	5	164174
820.945	0	photic stimulation	5	164189
821.025	0	photic stimulation	5	164205
821.1	0	photic stimulation	5	164220
821.175	0	photic stimulation	5	164235
821.255	0	photic stimulation	5	164251
821.33	0	photic stimulation	5	164266
821.41	0	photic stimulation	5	164282
821.485	0	photic stimulation	5	164297
821.56	0	photic stimulation	5	164312
821.64	0	photic stimulation	5	164328
821.715	0	photic stimulation	5	164343
821.795	0	photic stimulation	5	164359
821.87	0	photic stimulation	5	164374
821.945	0	photic stimulation	5	164389
822.025	0	photic stimulation	5	164405
822.1	0	photic stimulation	5	164420
822.175	0	photic stimulation	5	164435
822.255	0	photic stimulation	5	164451
822.33	0	photic stimulation	5	164466
822.41	0	photic stimulation	5	164482
822.485	0	photic stimulation	5	164497
822.56	0	photic stimulation	5	164512
822.64	0	photic stimulation	5	164528
822.715	0	photic stimulation	5	164543
822.795	0	photic stimulation	5	164559
822.87	0	photic stimulation	5	164574
822.945	0	photic stimulation	5	164589
823.025	0	photic stimulation	5	164605
823.1	0	photic stimulation	5	164620
823.18	0	photic stimulation	5	164636
823.255	0	photic stimulation	5	164651
823.33	0	photic stimulation	5	164666
823.41	0	photic stimulation	5	164682
823.485	0	photic stimulation	5	164697
823.56	0	photic stimulation	5	164712
823.64	0	photic stimulation	5	164728
823.715	0	photic stimulation	5	164743
823.795	0	photic stimulation	5	164759
823.87	0	photic stimulation	5	164774
823.945	0	photic stimulation	5	164789
829.015	0	photic stimulation	5	165803
829.085	0	photic stimulation	5	165817
829.16	0	photic stimulation	5	165832
829.23	0	photic stimulation	5	165846
829.3	0	photic stimulation	5	165860
829.375	0	photic stimulation	5	165875
829.445	0	photic stimulation	5	165889
829.515	0	photic stimulation	5	165903
829.585	0	photic stimulation	5	165917
829.66	0	photic stimulation	5	165932
829.73	0	photic stimulation	5	165946
829.8	0	photic stimulation	5	165960
829.87	0	photic stimulation	5	165974
829.945	0	photic stimulation	5	165989
830.015	0	photic stimulation	5	166003
830.085	0	photic stimulation	5	166017
830.16	0	photic stimulation	5	166032
830.23	0	photic stimulation	5	166046
830.3	0	photic stimulation	5	166060
830.37	0	photic stimulation	5	166074
830.445	0	photic stimulation	5	166089
830.515	0	photic stimulation	5	166103
830.585	0	photic stimulation	5	166117
830.66	0	photic stimulation	5	166132
830.73	0	photic stimulation	5	166146
830.8	0	photic stimulation	5	166160
830.87	0	photic stimulation	5	166174
830.945	0	photic stimulation	5	166189
831.015	0	photic stimulation	5	166203
831.085	0	photic stimulation	5	166217
831.155	0	photic stimulation	5	166231
831.23	0	photic stimulation	5	166246
831.3	0	photic stimulation	5	166260
831.37	0	photic stimulation	5	166274
831.445	0	photic stimulation	5	166289
831.515	0	photic stimulation	5	166303
831.585	0	photic stimulation	5	166317
831.655	0	photic stimulation	5	166331
831.73	0	photic stimulation	5	166346
831.8	0	photic stimulation	5	166360
831.87	0	photic stimulation	5	166374
831.945	0	photic stimulation	5	166389
832.015	0	photic stimulation	5	166403
832.085	0	photic stimulation	5	166417
832.155	0	photic stimulation	5	166431
832.23	0	photic stimulation	5	166446
832.3	0	photic stimulation	5	166460
832.37	0	photic stimulation	5	166474
832.44	0	photic stimulation	5	166488
832.515	0	photic stimulation	5	166503
832.585	0	photic stimulation	5	166517
832.655	0	photic stimulation	5	166531
832.73	0	photic stimulation	5	166546
832.8	0	photic stimulation	5	166560
832.87	0	photic stimulation	5	166574
832.94	0	photic stimulation	5	166588
833.015	0	photic stimulation	5	166603
833.085	0	photic stimulation	5	166617
833.155	0	photic stimulation	5	166631
833.23	0	photic stimulation	5	166646
833.3	0	photic stimulation	5	166660
833.37	0	photic stimulation	5	166674
833.44	0	photic stimulation	5	166688
833.515	0	photic stimulation	5	166703
833.585	0	photic stimulation	5	166717
833.655	0	photic stimulation	5	166731
833.725	0	photic stimulation	5	166745
833.8	0	photic stimulation	5	166760
833.87	0	photic stimulation	5	166774
833.94	0	photic stimulation	5	166788
834.015	0	photic stimulation	5	166803
834.085	0	photic stimulation	5	166817
834.155	0	photic stimulation	5	166831
834.225	0	photic stimulation	5	166845
834.3	0	photic stimulation	5	166860
834.37	0	photic stimulation	5	166874
834.44	0	photic stimulation	5	166888
834.515	0	photic stimulation	5	166903
834.585	0	photic stimulation	5	166917
834.655	0	photic stimulation	5	166931
834.725	0	photic stimulation	5	166945
834.8	0	photic stimulation	5	166960
834.87	0	photic stimulation	5	166974
834.94	0	photic stimulation	5	166988
835.01	0	photic stimulation	5	167002
835.085	0	photic stimulation	5	167017
835.155	0	photic stimulation	5	167031
835.225	0	photic stimulation	5	167045
835.3	0	photic stimulation	5	167060
835.37	0	photic stimulation	5	167074
835.44	0	photic stimulation	5	167088
835.51	0	photic stimulation	5	167102
835.585	0	photic stimulation	5	167117
835.655	0	photic stimulation	5	167131
835.725	0	photic stimulation	5	167145
835.8	0	photic stimulation	5	167160
835.87	0	photic stimulation	5	167174
835.94	0	photic stimulation	5	167188
836.01	0	photic stimulation	5	167202
836.085	0	photic stimulation	5	167217
836.155	0	photic stimulation	5	167231
836.225	0	photic stimulation	5	167245
836.295	0	photic stimulation	5	167259
836.37	0	photic stimulation	5	167274
836.44	0	photic stimulation	5	167288
836.51	0	photic stimulation	5	167302
836.585	0	photic stimulation	5	167317
836.655	0	photic stimulation	5	167331
836.725	0	photic stimulation	5	167345
836.795	0	photic stimulation	5	167359
836.87	0	photic stimulation	5	167374
836.94	0	photic stimulation	5	167388
837.01	0	photic stimulation	5	167402
837.085	0	photic stimulation	5	167417
837.155	0	photic stimulation	5	167431
837.225	0	photic stimulation	5	167445
837.295	0	photic stimulation	5	167459
837.37	0	photic stimulation	5	167474
837.44	0	photic stimulation	5	167488
837.51	0	photic stimulation	5	167502
837.58	0	photic stimulation	5	167516
837.655	0	photic stimulation	5	167531
837.725	0	photic stimulation	5	167545
837.795	0	photic stimulation	5	167559
837.87	0	photic stimulation	5	167574
837.94	0	photic stimulation	5	167588
838.01	0	photic stimulation	5	167602
838.08	0	photic stimulation	5	167616
838.155	0	photic stimulation	5	167631
838.225	0	photic stimulation	5	167645
838.295	0	photic stimulation	5	167659
838.37	0	photic stimulation	5	167674
838.44	0	photic stimulation	5	167688
838.51	0	photic stimulation	5	167702
838.58	0	photic stimulation	5	167716
838.655	0	photic stimulation	5	167731
838.725	0	photic stimulation	5	167745
838.795	0	photic stimulation	5	167759
838.865	0	photic stimulation	5	167773
838.94	0	photic stimulation	5	167788
838.945	0	photic stimulation	5	167789
844.01	0	photic stimulation	5	168802
844.08	0	photic stimulation	5	168816
844.145	0	photic stimulation	5	168829
844.21	0	photic stimulation	5	168842
844.28	0	photic stimulation	5	168856
844.345	0	photic stimulation	5	168869
844.41	0	photic stimulation	5	168882
844.48	0	photic stimulation	5	168896
844.545	0	photic stimulation	5	168909
844.61	0	photic stimulation	5	168922
844.68	0	photic stimulation	5	168936
844.745	0	photic stimulation	5	168949
844.81	0	photic stimulation	5	168962
844.88	0	photic stimulation	5	168976
844.945	0	photic stimulation	5	168989
845.01	0	photic stimulation	5	169002
845.08	0	photic stimulation	5	169016
845.145	0	photic stimulation	5	169029
845.21	0	photic stimulation	5	169042
845.28	0	photic stimulation	5	169056
845.345	0	photic stimulation	5	169069
845.41	0	photic stimulation	5	169082
845.48	0	photic stimulation	5	169096
845.545	0	photic stimulation	5	169109
845.61	0	photic stimulation	5	169122
845.68	0	photic stimulation	5	169136
845.745	0	photic stimulation	5	169149
845.81	0	photic stimulation	5	169162
845.88	0	photic stimulation	5	169176
845.945	0	photic stimulation	5	169189
846.01	0	photic stimulation	5	169202
846.08	0	photic stimulation	5	169216
846.145	0	photic stimulation	5	169229
846.21	0	photic stimulation	5	169242
846.28	0	photic stimulation	5	169256
846.345	0	photic stimulation	5	169269
846.41	0	photic stimulation	5	169282
846.48	0	photic stimulation	5	169296
846.545	0	photic stimulation	5	169309
846.61	0	photic stimulation	5	169322
846.68	0	photic stimulation	5	169336
846.745	0	photic stimulation	5	169349
846.81	0	photic stimulation	5	169362
846.88	0	photic stimulation	5	169376
846.945	0	photic stimulation	5	169389
847.01	0	photic stimulation	5	169402
847.08	0	photic stimulation	5	169416
847.145	0	photic stimulation	5	169429
847.21	0	photic stimulation	5	169442
847.28	0	photic stimulation	5	169456
847.345	0	photic stimulation	5	169469
847.41	0	photic stimulation	5	169482
847.48	0	photic stimulation	5	169496
847.545	0	photic stimulation	5	169509
847.61	0	photic stimulation	5	169522
847.68	0	photic stimulation	5	169536
847.745	0	photic stimulation	5	169549
847.81	0	photic stimulation	5	169562
847.88	0	photic stimulation	5	169576
847.945	0	photic stimulation	5	169589
848.01	0	photic stimulation	5	169602
848.08	0	photic stimulation	5	169616
848.145	0	photic stimulation	5	169629
848.21	0	photic stimulation	5	169642
848.28	0	photic stimulation	5	169656
848.345	0	photic stimulation	5	169669
848.41	0	photic stimulation	5	169682
848.48	0	photic stimulation	5	169696
848.545	0	photic stimulation	5	169709
848.61	0	photic stimulation	5	169722
848.68	0	photic stimulation	5	169736
848.745	0	photic stimulation	5	169749
848.81	0	photic stimulation	5	169762
848.88	0	photic stimulation	5	169776
848.945	0	photic stimulation	5	169789
849.01	0	photic stimulation	5	169802
849.08	0	photic stimulation	5	169816
849.145	0	photic stimulation	5	169829
849.21	0	photic stimulation	5	169842
849.28	0	photic stimulation	5	169856
849.345	0	photic stimulation	5	169869
849.41	0	photic stimulation	5	169882
849.48	0	photic stimulation	5	169896
849.545	0	photic stimulation	5	169909
849.61	0	photic stimulation	5	169922
849.68	0	photic stimulation	5	169936
849.745	0	photic stimulation	5	169949
849.81	0	photic stimulation	5	169962
849.88	0	photic stimulation	5	169976
849.945	0	photic stimulation	5	169989
850.01	0	photic stimulation	5	170002
850.08	0	photic stimulation	5	170016
850.145	0	photic stimulation	5	170029
850.21	0	photic stimulation	5	170042
850.28	0	photic stimulation	5	170056
850.345	0	photic stimulation	5	170069
850.41	0	photic stimulation	5	170082
850.48	0	photic stimulation	5	170096
850.545	0	photic stimulation	5	170109
850.61	0	photic stimulation	5	170122
850.68	0	photic stimulation	5	170136
850.745	0	photic stimulation	5	170149
850.81	0	photic stimulation	5	170162
850.88	0	photic stimulation	5	170176
850.945	0	photic stimulation	5	170189
851.01	0	photic stimulation	5	170202
851.08	0	photic stimulation	5	170216
851.145	0	photic stimulation	5	170229
851.21	0	photic stimulation	5	170242
851.28	0	photic stimulation	5	170256
851.345	0	photic stimulation	5	170269
851.41	0	photic stimulation	5	170282
851.48	0	photic stimulation	5	170296
851.545	0	photic stimulation	5	170309
851.61	0	photic stimulation	5	170322
851.68	0	photic stimulation	5	170336
851.745	0	photic stimulation	5	170349
851.81	0	photic stimulation	5	170362
851.88	0	photic stimulation	5	170376
851.945	0	photic stimulation	5	170389
852.01	0	photic stimulation	5	170402
852.08	0	photic stimulation	5	170416
852.145	0	photic stimulation	5	170429
852.21	0	photic stimulation	5	170442
852.28	0	photic stimulation	5	170456
852.345	0	photic stimulation	5	170469
852.41	0	photic stimulation	5	170482
852.48	0	photic stimulation	5	170496
852.545	0	photic stimulation	5	170509
852.61	0	photic stimulation	5	170522
852.68	0	photic stimulation	5	170536
852.745	0	photic stimulation	5	170549
852.81	0	photic stimulation	5	170562
852.88	0	photic stimulation	5	170576
852.945	0	photic stimulation	5	170589
853.01	0	photic stimulation	5	170602
853.08	0	photic stimulation	5	170616
853.145	0	photic stimulation	5	170629
853.21	0	photic stimulation	5	170642
853.28	0	photic stimulation	5	170656
853.345	0	photic stimulation	5	170669
853.41	0	photic stimulation	5	170682
853.48	0	photic stimulation	5	170696
853.545	0	photic stimulation	5	170709
853.61	0	photic stimulation	5	170722
853.68	0	photic stimulation	5	170736
853.745	0	photic stimulation	5	170749
853.81	0	photic stimulation	5	170762
853.88	0	photic stimulation	5	170776
853.945	0	photic stimulation	5	170789
859.005	0	photic stimulation	5	171801
859.06	0	photic stimulation	5	171812
859.12	0	photic stimulation	5	171824
859.18	0	photic stimulation	5	171836
859.24	0	photic stimulation	5	171848
859.3	0	photic stimulation	5	171860
859.355	0	photic stimulation	5	171871
859.415	0	photic stimulation	5	171883
859.475	0	photic stimulation	5	171895
859.535	0	photic stimulation	5	171907
859.59	0	photic stimulation	5	171918
859.65	0	photic stimulation	5	171930
859.71	0	photic stimulation	5	171942
859.77	0	photic stimulation	5	171954
859.83	0	photic stimulation	5	171966
859.885	0	photic stimulation	5	171977
859.945	0	photic stimulation	5	171989
860.005	0	photic stimulation	5	172001
860.065	0	photic stimulation	5	172013
860.12	0	photic stimulation	5	172024
860.18	0	photic stimulation	5	172036
860.24	0	photic stimulation	5	172048
860.3	0	photic stimulation	5	172060
860.36	0	photic stimulation	5	172072
860.415	0	photic stimulation	5	172083
860.475	0	photic stimulation	5	172095
860.535	0	photic stimulation	5	172107
860.595	0	photic stimulation	5	172119
860.65	0	photic stimulation	5	172130
860.71	0	photic stimulation	5	172142
860.77	0	photic stimulation	5	172154
860.83	0	photic stimulation	5	172166
860.89	0	photic stimulation	5	172178
860.945	0	photic stimulation	5	172189
861.005	0	photic stimulation	5	172201
861.065	0	photic stimulation	5	172213
861.125	0	photic stimulation	5	172225
861.18	0	photic stimulation	5	172236
861.24	0	photic stimulation	5	172248
861.3	0	photic stimulation	5	172260
861.36	0	photic stimulation	5	172272
861.42	0	photic stimulation	5	172284
861.475	0	photic stimulation	5	172295
861.535	0	photic stimulation	5	172307
861.595	0	photic stimulation	5	172319
861.655	0	photic stimulation	5	172331
861.71	0	photic stimulation	5	172342
861.77	0	photic stimulation	5	172354
861.83	0	photic stimulation	5	172366
861.89	0	photic stimulation	5	172378
861.95	0	photic stimulation	5	172390
862.005	0	photic stimulation	5	172401
862.065	0	photic stimulation	5	172413
862.125	0	photic stimulation	5	172425
862.185	0	photic stimulation	5	172437
862.24	0	photic stimulation	5	172448
862.3	0	photic stimulation	5	172460
862.36	0	photic stimulation	5	172472
862.42	0	photic stimulation	5	172484
862.48	0	photic stimulation	5	172496
862.535	0	photic stimulation	5	172507
862.595	0	photic stimulation	5	172519
862.655	0	photic stimulation	5	172531
862.715	0	photic stimulation	5	172543
862.77	0	photic stimulation	5	172554
862.83	0	photic stimulation	5	172566
862.89	0	photic stimulation	5	172578
862.95	0	photic stimulation	5	172590
863.01	0	photic stimulation	5	172602
863.065	0	photic stimulation	5	172613
863.125	0	photic stimulation	5	172625
863.185	0	photic stimulation	5	172637
863.245	0	photic stimulation	5	172649
863.3	0	photic stimulation	5	172660
863.36	0	photic stimulation	5	172672
863.42	0	photic stimulation	5	172684
863.48	0	photic stimulation	5	172696
863.54	0	photic stimulation	5	172708
863.595	0	photic stimulation	5	172719
863.655	0	photic stimulation	5	172731
863.715	0	photic stimulation	5	172743
863.775	0	photic stimulation	5	172755
863.83	0	photic stimulation	5	172766
863.89	0	photic stimulation	5	172778
863.95	0	photic stimulation	5	172790
864.01	0	photic stimulation	5	172802
864.07	0	photic stimulation	5	172814
864.125	0	photic stimulation	5	172825
864.185	0	photic stimulation	5	172837
864.245	0	photic stimulation	5	172849
864.305	0	photic stimulation	5	172861
864.36	0	photic stimulation	5	172872
864.42	0	photic stimulation	5	172884
864.48	0	photic stimulation	5	172896
864.54	0	photic stimulation	5	172908
864.6	0	photic stimulation	5	172920
864.655	0	photic stimulation	5	172931
864.715	0	photic stimulation	5	172943
864.775	0	photic stimulation	5	172955
864.835	0	photic stimulation	5	172967
864.89	0	photic stimulation	5	172978
864.95	0	photic stimulation	5	172990
865.01	0	photic stimulation	5	173002
865.07	0	photic stimulation	5	173014
865.13	0	photic stimulation	5	173026
865.185	0	photic stimulation	5	173037
865.245	0	photic stimulation	5	173049
865.305	0	photic stimulation	5	173061
865.365	0	photic stimulation	5	173073
865.42	0	photic stimulation	5	173084
865.48	0	photic stimulation	5	173096
865.54	0	photic stimulation	5	173108
865.6	0	photic stimulation	5	173120
865.66	0	photic stimulation	5	173132
865.715	0	photic stimulation	5	173143
865.775	0	photic stimulation	5	173155
865.835	0	photic stimulation	5	173167
865.895	0	photic stimulation	5	173179
865.95	0	photic stimulation	5	173190
866.01	0	photic stimulation	5	173202
866.07	0	photic stimulation	5	173214
866.13	0	photic stimulation	5	173226
866.19	0	photic stimulation	5	173238
866.245	0	photic stimulation	5	173249
866.305	0	photic stimulation	5	173261
866.365	0	photic stimulation	5	173273
866.425	0	photic stimulation	5	173285
866.48	0	photic stimulation	5	173296
866.54	0	photic stimulation	5	173308
866.6	0	photic stimulation	5	173320
866.66	0	photic stimulation	5	173332
866.72	0	photic stimulation	5	173344
866.775	0	photic stimulation	5	173355
866.835	0	photic stimulation	5	173367
866.895	0	photic stimulation	5	173379
866.955	0	photic stimulation	5	173391
867.01	0	photic stimulation	5	173402
867.07	0	photic stimulation	5	173414
867.13	0	photic stimulation	5	173426
867.19	0	photic stimulation	5	173438
867.25	0	photic stimulation	5	173450
867.305	0	photic stimulation	5	173461
867.365	0	photic stimulation	5	173473
867.425	0	photic stimulation	5	173485
867.485	0	photic stimulation	5	173497
867.54	0	photic stimulation	5	173508
867.6	0	photic stimulation	5	173520
867.66	0	photic stimulation	5	173532
867.72	0	photic stimulation	5	173544
867.78	0	photic stimulation	5	173556
867.835	0	photic stimulation	5	173567
867.895	0	photic stimulation	5	173579
867.955	0	photic stimulation	5	173591
868.015	0	photic stimulation	5	173603
868.07	0	photic stimulation	5	173614
868.13	0	photic stimulation	5	173626
868.19	0	photic stimulation	5	173638
868.25	0	photic stimulation	5	173650
868.31	0	photic stimulation	5	173662
868.365	0	photic stimulation	5	173673
868.425	0	photic stimulation	5	173685
868.485	0	photic stimulation	5	173697
868.545	0	photic stimulation	5	173709
868.6	0	photic stimulation	5	173720
868.66	0	photic stimulation	5	173732
868.72	0	photic stimulation	5	173744
868.78	0	photic stimulation	5	173756
868.84	0	photic stimulation	5	173768
868.895	0	photic stimulation	5	173779
868.945	0	photic stimulation	5	173789
873.995	0	photic stimulation	5	174799
874.05	0	photic stimulation	5	174810
874.1	0	photic stimulation	5	174820
874.155	0	photic stimulation	5	174831
874.205	0	photic stimulation	5	174841
874.26	0	photic stimulation	5	174852
874.31	0	photic stimulation	5	174862
874.365	0	photic stimulation	5	174873
874.415	0	photic stimulation	5	174883
874.47	0	photic stimulation	5	174894
874.52	0	photic stimulation	5	174904
874.575	0	photic stimulation	5	174915
874.625	0	photic stimulation	5	174925
874.68	0	photic stimulation	5	174936
874.73	0	photic stimulation	5	174946
874.785	0	photic stimulation	5	174957
874.835	0	photic stimulation	5	174967
874.89	0	photic stimulation	5	174978
874.94	0	photic stimulation	5	174988
874.995	0	photic stimulation	5	174999
875.045	0	photic stimulation	5	175009
875.1	0	photic stimulation	5	175020
875.15	0	photic stimulation	5	175030
875.205	0	photic stimulation	5	175041
875.255	0	photic stimulation	5	175051
875.31	0	photic stimulation	5	175062
875.36	0	photic stimulation	5	175072
875.415	0	photic stimulation	5	175083
875.465	0	photic stimulation	5	175093
875.52	0	photic stimulation	5	175104
875.57	0	photic stimulation	5	175114
875.625	0	photic stimulation	5	175125
875.675	0	photic stimulation	5	175135
875.73	0	photic stimulation	5	175146
875.78	0	photic stimulation	5	175156
875.835	0	photic stimulation	5	175167
875.885	0	photic stimulation	5	175177
875.94	0	photic stimulation	5	175188
875.99	0	photic stimulation	5	175198
876.045	0	photic stimulation	5	175209
876.095	0	photic stimulation	5	175219
876.15	0	photic stimulation	5	175230
876.2	0	photic stimulation	5	175240
876.255	0	photic stimulation	5	175251
876.305	0	photic stimulation	5	175261
876.36	0	photic stimulation	5	175272
876.41	0	photic stimulation	5	175282
876.465	0	photic stimulation	5	175293
876.515	0	photic stimulation	5	175303
876.57	0	photic stimulation	5	175314
876.62	0	photic stimulation	5	175324
876.675	0	photic stimulation	5	175335
876.725	0	photic stimulation	5	175345
876.78	0	photic stimulation	5	175356
876.83	0	photic stimulation	5	175366
876.885	0	photic stimulation	5	175377
876.935	0	photic stimulation	5	175387
876.99	0	photic stimulation	5	175398
877.04	0	photic stimulation	5	175408
877.095	0	photic stimulation	5	175419
877.145	0	photic stimulation	5	175429
877.2	0	photic stimulation	5	175440
877.25	0	photic stimulation	5	175450
877.305	0	photic stimulation	5	175461
877.355	0	photic stimulation	5	175471
877.41	0	photic stimulation	5	175482
877.46	0	photic stimulation	5	175492
877.515	0	photic stimulation	5	175503
877.565	0	photic stimulation	5	175513
877.62	0	photic stimulation	5	175524
877.67	0	photic stimulation	5	175534
877.725	0	photic stimulation	5	175545
877.775	0	photic stimulation	5	175555
877.83	0	photic stimulation	5	175566
877.88	0	photic stimulation	5	175576
877.935	0	photic stimulation	5	175587
877.985	0	photic stimulation	5	175597
878.04	0	photic stimulation	5	175608
878.09	0	photic stimulation	5	175618
878.145	0	photic stimulation	5	175629
878.195	0	photic stimulation	5	175639
878.25	0	photic stimulation	5	175650
878.3	0	photic stimulation	5	175660
878.355	0	photic stimulation	5	175671
878.405	0	photic stimulation	5	175681
878.46	0	photic stimulation	5	175692
878.51	0	photic stimulation	5	175702
878.565	0	photic stimulation	5	175713
878.615	0	photic stimulation	5	175723
878.67	0	photic stimulation	5	175734
878.72	0	photic stimulation	5	175744
878.775	0	photic stimulation	5	175755
878.825	0	photic stimulation	5	175765
878.88	0	photic stimulation	5	175776
878.93	0	photic stimulation	5	175786
878.985	0	photic stimulation	5	175797
879.035	0	photic stimulation	5	175807
879.09	0	photic stimulation	5	175818
879.14	0	photic stimulation	5	175828
879.195	0	photic stimulation	5	175839
879.245	0	photic stimulation	5	175849
879.3	0	photic stimulation	5	175860
879.35	0	photic stimulation	5	175870
879.405	0	photic stimulation	5	175881
879.455	0	photic stimulation	5	175891
879.51	0	photic stimulation	5	175902
879.56	0	photic stimulation	5	175912
879.615	0	photic stimulation	5	175923
879.665	0	photic stimulation	5	175933
879.72	0	photic stimulation	5	175944
879.77	0	photic stimulation	5	175954
879.825	0	photic stimulation	5	175965
879.875	0	photic stimulation	5	175975
879.93	0	photic stimulation	5	175986
879.98	0	photic stimulation	5	175996
880.035	0	photic stimulation	5	176007
880.085	0	photic stimulation	5	176017
880.14	0	photic stimulation	5	176028
880.19	0	photic stimulation	5	176038
880.245	0	photic stimulation	5	176049
880.295	0	photic stimulation	5	176059
880.35	0	photic stimulation	5	176070
880.4	0	photic stimulation	5	176080
880.455	0	photic stimulation	5	176091
880.505	0	photic stimulation	5	176101
880.56	0	photic stimulation	5	176112
880.61	0	photic stimulation	5	176122
880.665	0	photic stimulation	5	176133
880.715	0	photic stimulation	5	176143
880.77	0	photic stimulation	5	176154
880.82	0	photic stimulation	5	176164
880.875	0	photic stimulation	5	176175
880.925	0	photic stimulation	5	176185
880.98	0	photic stimulation	5	176196
881.03	0	photic stimulation	5	176206
881.085	0	photic stimulation	5	176217
881.135	0	photic stimulation	5	176227
881.19	0	photic stimulation	5	176238
881.24	0	photic stimulation	5	176248
881.295	0	photic stimulation	5	176259
881.345	0	photic stimulation	5	176269
881.4	0	photic stimulation	5	176280
881.45	0	photic stimulation	5	176290
881.505	0	photic stimulation	5	176301
881.555	0	photic stimulation	5	176311
881.61	0	photic stimulation	5	176322
881.66	0	photic stimulation	5	176332
881.715	0	photic stimulation	5	176343
881.765	0	photic stimulation	5	176353
881.82	0	photic stimulation	5	176364
881.87	0	photic stimulation	5	176374
881.925	0	photic stimulation	5	176385
881.975	0	photic stimulation	5	176395
882.03	0	photic stimulation	5	176406
882.08	0	photic stimulation	5	176416
882.135	0	photic stimulation	5	176427
882.185	0	photic stimulation	5	176437
882.24	0	photic stimulation	5	176448
882.29	0	photic stimulation	5	176458
882.345	0	photic stimulation	5	176469
882.395	0	photic stimulation	5	176479
882.45	0	photic stimulation	5	176490
882.5	0	photic stimulation	5	176500
882.555	0	photic stimulation	5	176511
882.605	0	photic stimulation	5	176521
882.66	0	photic stimulation	5	176532
882.71	0	photic stimulation	5	176542
882.765	0	photic stimulation	5	176553
882.815	0	photic stimulation	5	176563
882.87	0	photic stimulation	5	176574
882.92	0	photic stimulation	5	176584
882.975	0	photic stimulation	5	176595
883.025	0	photic stimulation	5	176605
883.08	0	photic stimulation	5	176616
883.13	0	photic stimulation	5	176626
883.185	0	photic stimulation	5	176637
883.235	0	photic stimulation	5	176647
883.29	0	photic stimulation	5	176658
883.34	0	photic stimulation	5	176668
883.395	0	photic stimulation	5	176679
883.445	0	photic stimulation	5	176689
883.5	0	photic stimulation	5	176700
883.55	0	photic stimulation	5	176710
883.605	0	photic stimulation	5	176721
883.655	0	photic stimulation	5	176731
883.71	0	photic stimulation	5	176742
883.76	0	photic stimulation	5	176752
883.815	0	photic stimulation	5	176763
883.865	0	photic stimulation	5	176773
883.92	0	photic stimulation	5	176784
883.945	0	photic stimulation	5	176789
888.99	0	photic stimulation	5	177798
889.04	0	photic stimulation	5	177808
889.085	0	photic stimulation	5	177817
889.135	0	photic stimulation	5	177827
889.18	0	photic stimulation	5	177836
889.23	0	photic stimulation	5	177846
889.275	0	photic stimulation	5	177855
889.325	0	photic stimulation	5	177865
889.37	0	photic stimulation	5	177874
889.42	0	photic stimulation	5	177884
889.465	0	photic stimulation	5	177893
889.515	0	photic stimulation	5	177903
889.56	0	photic stimulation	5	177912
889.61	0	photic stimulation	5	177922
889.655	0	photic stimulation	5	177931
889.705	0	photic stimulation	5	177941
889.75	0	photic stimulation	5	177950
889.8	0	photic stimulation	5	177960
889.845	0	photic stimulation	5	177969
889.895	0	photic stimulation	5	177979
889.94	0	photic stimulation	5	177988
889.99	0	photic stimulation	5	177998
890.035	0	photic stimulation	5	178007
890.085	0	photic stimulation	5	178017
890.13	0	photic stimulation	5	178026
890.18	0	photic stimulation	5	178036
890.225	0	photic stimulation	5	178045
890.275	0	photic stimulation	5	178055
890.32	0	photic stimulation	5	178064
890.37	0	photic stimulation	5	178074
890.415	0	photic stimulation	5	178083
890.465	0	photic stimulation	5	178093
890.51	0	photic stimulation	5	178102
890.56	0	photic stimulation	5	178112
890.605	0	photic stimulation	5	178121
890.655	0	photic stimulation	5	178131
890.7	0	photic stimulation	5	178140
890.75	0	photic stimulation	5	178150
890.795	0	photic stimulation	5	178159
890.845	0	photic stimulation	5	178169
890.89	0	photic stimulation	5	178178
890.94	0	photic stimulation	5	178188
890.985	0	photic stimulation	5	178197
891.035	0	photic stimulation	5	178207
891.08	0	photic stimulation	5	178216
891.13	0	photic stimulation	5	178226
891.175	0	photic stimulation	5	178235
891.225	0	photic stimulation	5	178245
891.27	0	photic stimulation	5	178254
891.32	0	photic stimulation	5	178264
891.365	0	photic stimulation	5	178273
891.415	0	photic stimulation	5	178283
891.46	0	photic stimulation	5	178292
891.51	0	photic stimulation	5	178302
891.555	0	photic stimulation	5	178311
891.605	0	photic stimulation	5	178321
891.65	0	photic stimulation	5	178330
891.7	0	photic stimulation	5	178340
891.745	0	photic stimulation	5	178349
891.795	0	photic stimulation	5	178359
891.84	0	photic stimulation	5	178368
891.89	0	photic stimulation	5	178378
891.935	0	photic stimulation	5	178387
891.985	0	photic stimulation	5	178397
892.03	0	photic stimulation	5	178406
892.08	0	photic stimulation	5	178416
892.125	0	photic stimulation	5	178425
892.175	0	photic stimulation	5	178435
892.22	0	photic stimulation	5	178444
892.27	0	photic stimulation	5	178454
892.315	0	photic stimulation	5	178463
892.365	0	photic stimulation	5	178473
892.41	0	photic stimulation	5	178482
892.46	0	photic stimulation	5	178492
892.505	0	photic stimulation	5	178501
892.555	0	photic stimulation	5	178511
892.6	0	photic stimulation	5	178520
892.65	0	photic stimulation	5	178530
892.695	0	photic stimulation	5	178539
892.745	0	photic stimulation	5	178549
892.79	0	photic stimulation	5	178558
892.84	0	photic stimulation	5	178568
892.885	0	photic stimulation	5	178577
892.935	0	photic stimulation	5	178587
892.98	0	photic stimulation	5	178596
893.03	0	photic stimulation	5	178606
893.075	0	photic stimulation	5	178615
893.125	0	photic stimulation	5	178625
893.17	0	photic stimulation	5	178634
893.22	0	photic stimulation	5	178644
893.265	0	photic stimulation	5	178653
893.315	0	photic stimulation	5	178663
893.36	0	photic stimulation	5	178672
893.41	0	photic stimulation	5	178682
893.455	0	photic stimulation	5	178691
893.505	0	photic stimulation	5	178701
893.55	0	photic stimulation	5	178710
893.6	0	photic stimulation	5	178720
893.645	0	photic stimulation	5	178729
893.695	0	photic stimulation	5	178739
893.74	0	photic stimulation	5	178748
893.79	0	photic stimulation	5	178758
893.835	0	photic stimulation	5	178767
893.885	0	photic stimulation	5	178777
893.93	0	photic stimulation	5	178786
893.98	0	photic stimulation	5	178796
894.025	0	photic stimulation	5	178805
894.075	0	photic stimulation	5	178815
894.12	0	photic stimulation	5	178824
894.17	0	photic stimulation	5	178834
894.215	0	photic stimulation	5	178843
894.265	0	photic stimulation	5	178853
894.31	0	photic stimulation	5	178862
894.36	0	photic stimulation	5	178872
894.405	0	photic stimulation	5	178881
894.455	0	photic stimulation	5	178891
894.5	0	photic stimulation	5	178900
894.55	0	photic stimulation	5	178910
894.595	0	photic stimulation	5	178919
894.645	0	photic stimulation	5	178929
894.69	0	photic stimulation	5	178938
894.74	0	photic stimulation	5	178948
894.785	0	photic stimulation	5	178957
894.835	0	photic stimulation	5	178967
894.88	0	photic stimulation	5	178976
894.93	0	photic stimulation	5	178986
894.975	0	photic stimulation	5	178995
895.025	0	photic stimulation	5	179005
895.07	0	photic stimulation	5	179014
895.12	0	photic stimulation	5	179024
895.165	0	photic stimulation	5	179033
895.215	0	photic stimulation	5	179043
895.26	0	photic stimulation	5	179052
895.31	0	photic stimulation	5	179062
895.355	0	photic stimulation	5	179071
895.405	0	photic stimulation	5	179081
895.45	0	photic stimulation	5	179090
895.5	0	photic stimulation	5	179100
895.545	0	photic stimulation	5	179109
895.595	0	photic stimulation	5	179119
895.64	0	photic stimulation	5	179128
895.69	0	photic stimulation	5	179138
895.735	0	photic stimulation	5	179147
895.785	0	photic stimulation	5	179157
895.83	0	photic stimulation	5	179166
895.88	0	photic stimulation	5	179176
895.925	0	photic stimulation	5	179185
895.975	0	photic stimulation	5	179195
896.02	0	photic stimulation	5	179204
896.07	0	photic stimulation	5	179214
896.115	0	photic stimulation	5	179223
896.165	0	photic stimulation	5	179233
896.21	0	photic stimulation	5	179242
896.26	0	photic stimulation	5	179252
896.305	0	photic stimulation	5	179261
896.355	0	photic stimulation	5	179271
896.4	0	photic stimulation	5	179280
896.45	0	photic stimulation	5	179290
896.495	0	photic stimulation	5	179299
896.545	0	photic stimulation	5	179309
896.59	0	photic stimulation	5	179318
896.64	0	photic stimulation	5	179328
896.685	0	photic stimulation	5	179337
896.735	0	photic stimulation	5	179347
896.78	0	photic stimulation	5	179356
896.83	0	photic stimulation	5	179366
896.875	0	photic stimulation	5	179375
896.925	0	photic stimulation	5	179385
896.97	0	photic stimulation	5	179394
897.02	0	photic stimulation	5	179404
897.065	0	photic stimulation	5	179413
897.115	0	photic stimulation	5	179423
897.16	0	photic stimulation	5	179432
897.21	0	photic stimulation	5	179442
897.255	0	photic stimulation	5	179451
897.305	0	photic stimulation	5	179461
897.35	0	photic stimulation	5	179470
897.4	0	photic stimulation	5	179480
897.445	0	photic stimulation	5	179489
897.495	0	photic stimulation	5	179499
897.54	0	photic stimulation	5	179508
897.59	0	photic stimulation	5	179518
897.635	0	photic stimulation	5	179527
897.685	0	photic stimulation	5	179537
897.73	0	photic stimulation	5	179546
897.78	0	photic stimulation	5	179556
897.825	0	photic stimulation	5	179565
897.875	0	photic stimulation	5	179575
897.92	0	photic stimulation	5	179584
897.97	0	photic stimulation	5	179594
898.015	0	photic stimulation	5	179603
898.065	0	photic stimulation	5	179613
898.11	0	photic stimulation	5	179622
898.16	0	photic stimulation	5	179632
898.205	0	photic stimulation	5	179641
898.255	0	photic stimulation	5	179651
898.3	0	photic stimulation	5	179660
898.35	0	photic stimulation	5	179670
898.395	0	photic stimulation	5	179679
898.445	0	photic stimulation	5	179689
898.49	0	photic stimulation	5	179698
898.54	0	photic stimulation	5	179708
898.585	0	photic stimulation	5	179717
898.635	0	photic stimulation	5	179727
898.68	0	photic stimulation	5	179736
898.73	0	photic stimulation	5	179746
898.775	0	photic stimulation	5	179755
898.825	0	photic stimulation	5	179765
898.87	0	photic stimulation	5	179774
898.92	0	photic stimulation	5	179784
898.945	0	photic stimulation	5	179789
903.99	0	photic stimulation	5	180798
904.03	0	photic stimulation	5	180806
904.075	0	photic stimulation	5	180815
904.12	0	photic stimulation	5	180824
904.16	0	photic stimulation	5	180832
904.205	0	photic stimulation	5	180841
904.25	0	photic stimulation	5	180850
904.295	0	photic stimulation	5	180859
904.335	0	photic stimulation	5	180867
904.38	0	photic stimulation	5	180876
904.425	0	photic stimulation	5	180885
904.47	0	photic stimulation	5	180894
904.51	0	photic stimulation	5	180902
904.555	0	photic stimulation	5	180911
904.6	0	photic stimulation	5	180920
904.64	0	photic stimulation	5	180928
904.685	0	photic stimulation	5	180937
904.73	0	photic stimulation	5	180946
904.775	0	photic stimulation	5	180955
904.815	0	photic stimulation	5	180963
904.86	0	photic stimulation	5	180972
904.905	0	photic stimulation	5	180981
904.945	0	photic stimulation	5	180989
904.99	0	photic stimulation	5	180998
905.035	0	photic stimulation	5	181007
905.08	0	photic stimulation	5	181016
905.12	0	photic stimulation	5	181024
905.165	0	photic stimulation	5	181033
905.21	0	photic stimulation	5	181042
905.255	0	photic stimulation	5	181051
905.295	0	photic stimulation	5	181059
905.34	0	photic stimulation	5	181068
905.385	0	photic stimulation	5	181077
905.425	0	photic stimulation	5	181085
905.47	0	photic stimulation	5	181094
905.515	0	photic stimulation	5	181103
905.56	0	photic stimulation	5	181112
905.6	0	photic stimulation	5	181120
905.645	0	photic stimulation	5	181129
905.69	0	photic stimulation	5	181138
905.73	0	photic stimulation	5	181146
905.775	0	photic stimulation	5	181155
905.82	0	photic stimulation	5	181164
905.865	0	photic stimulation	5	181173
905.905	0	photic stimulation	5	181181
905.95	0	photic stimulation	5	181190
905.995	0	photic stimulation	5	181199
906.04	0	photic stimulation	5	181208
906.08	0	photic stimulation	5	181216
906.125	0	photic stimulation	5	181225
906.17	0	photic stimulation	5	181234
906.21	0	photic stimulation	5	181242
906.255	0	photic stimulation	5	181251
906.3	0	photic stimulation	5	181260
906.345	0	photic stimulation	5	181269
906.385	0	photic stimulation	5	181277
906.43	0	photic stimulation	5	181286
906.475	0	photic stimulation	5	181295
906.515	0	photic stimulation	5	181303
906.56	0	photic stimulation	5	181312
906.605	0	photic stimulation	5	181321
906.65	0	photic stimulation	5	181330
906.69	0	photic stimulation	5	181338
906.735	0	photic stimulation	5	181347
906.78	0	photic stimulation	5	181356
906.825	0	photic stimulation	5	181365
906.865	0	photic stimulation	5	181373
906.91	0	photic stimulation	5	181382
906.955	0	photic stimulation	5	181391
906.995	0	photic stimulation	5	181399
907.04	0	photic stimulation	5	181408
907.085	0	photic stimulation	5	181417
907.13	0	photic stimulation	5	181426
907.17	0	photic stimulation	5	181434
907.215	0	photic stimulation	5	181443
907.26	0	photic stimulation	5	181452
907.3	0	photic stimulation	5	181460
907.345	0	photic stimulation	5	181469
907.39	0	photic stimulation	5	181478
907.435	0	photic stimulation	5	181487
907.475	0	photic stimulation	5	181495
907.52	0	photic stimulation	5	181504
907.565	0	photic stimulation	5	181513
907.61	0	photic stimulation	5	181522
907.65	0	photic stimulation	5	181530
907.695	0	photic stimulation	5	181539
907.74	0	photic stimulation	5	181548
907.78	0	photic stimulation	5	181556
907.825	0	photic stimulation	5	181565
907.87	0	photic stimulation	5	181574
907.915	0	photic stimulation	5	181583
907.955	0	photic stimulation	5	181591
908	0	photic stimulation	5	181600
908.045	0	photic stimulation	5	181609
908.085	0	photic stimulation	5	181617
908.13	0	photic stimulation	5	181626
908.175	0	photic stimulation	5	181635
908.22	0	photic stimulation	5	181644
908.26	0	photic stimulation	5	181652
908.305	0	photic stimulation	5	181661
908.35	0	photic stimulation	5	181670
908.395	0	photic stimulation	5	181679
908.435	0	photic stimulation	5	181687
908.48	0	photic stimulation	5	181696
908.525	0	photic stimulation	5	181705
908.565	0	photic stimulation	5	181713
908.61	0	photic stimulation	5	181722
908.655	0	photic stimulation	5	181731
908.7	0	photic stimulation	5	181740
908.74	0	photic stimulation	5	181748
908.785	0	photic stimulation	5	181757
908.83	0	photic stimulation	5	181766
908.87	0	photic stimulation	5	181774
908.915	0	photic stimulation	5	181783
908.96	0	photic stimulation	5	181792
909.005	0	photic stimulation	5	181801
909.045	0	photic stimulation	5	181809
909.09	0	photic stimulation	5	181818
909.135	0	photic stimulation	5	181827
909.18	0	photic stimulation	5	181836
909.22	0	photic stimulation	5	181844
909.265	0	photic stimulation	5	181853
909.31	0	photic stimulation	5	181862
909.35	0	photic stimulation	5	181870
909.395	0	photic stimulation	5	181879
909.44	0	photic stimulation	5	181888
909.485	0	photic stimulation	5	181897
909.525	0	photic stimulation	5	181905
909.57	0	photic stimulation	5	181914
909.615	0	photic stimulation	5	181923
909.655	0	photic stimulation	5	181931
909.7	0	photic stimulation	5	181940
909.745	0	photic stimulation	5	181949
909.79	0	photic stimulation	5	181958
909.83	0	photic stimulation	5	181966
909.875	0	photic stimulation	5	181975
909.92	0	photic stimulation	5	181984
909.965	0	photic stimulation	5	181993
910.005	0	photic stimulation	5	182001
910.05	0	photic stimulation	5	182010
910.095	0	photic stimulation	5	182019
910.135	0	photic stimulation	5	182027
910.18	0	photic stimulation	5	182036
910.225	0	photic stimulation	5	182045
910.27	0	photic stimulation	5	182054
910.31	0	photic stimulation	5	182062
910.355	0	photic stimulation	5	182071
910.4	0	photic stimulation	5	182080
910.44	0	photic stimulation	5	182088
910.485	0	photic stimulation	5	182097
910.53	0	photic stimulation	5	182106
910.575	0	photic stimulation	5	182115
910.615	0	photic stimulation	5	182123
910.66	0	photic stimulation	5	182132
910.705	0	photic stimulation	5	182141
910.75	0	photic stimulation	5	182150
910.79	0	photic stimulation	5	182158
910.835	0	photic stimulation	5	182167
910.88	0	photic stimulation	5	182176
910.92	0	photic stimulation	5	182184
910.965	0	photic stimulation	5	182193
911.01	0	photic stimulation	5	182202
911.055	0	photic stimulation	5	182211
911.095	0	photic stimulation	5	182219
911.14	0	photic stimulation	5	182228
911.185	0	photic stimulation	5	182237
911.225	0	photic stimulation	5	182245
911.27	0	photic stimulation	5	182254
911.315	0	photic stimulation	5	182263
911.36	0	photic stimulation	5	182272
911.4	0	photic stimulation	5	182280
911.445	0	photic stimulation	5	182289
911.49	0	photic stimulation	5	182298
911.535	0	photic stimulation	5	182307
911.575	0	photic stimulation	5	182315
911.62	0	photic stimulation	5	182324
911.665	0	photic stimulation	5	182333
911.705	0	photic stimulation	5	182341
911.75	0	photic stimulation	5	182350
911.795	0	photic stimulation	5	182359
911.84	0	photic stimulation	5	182368
911.88	0	photic stimulation	5	182376
911.925	0	photic stimulation	5	182385
911.97	0	photic stimulation	5	182394
912.01	0	photic stimulation	5	182402
912.055	0	photic stimulation	5	182411
912.1	0	photic stimulation	5	182420
912.145	0	photic stimulation	5	182429
912.185	0	photic stimulation	5	182437
912.23	0	photic stimulation	5	182446
912.275	0	photic stimulation	5	182455
912.32	0	photic stimulation	5	182464
912.36	0	photic stimulation	5	182472
912.405	0	photic stimulation	5	182481
912.45	0	photic stimulation	5	182490
912.49	0	photic stimulation	5	182498
912.535	0	photic stimulation	5	182507
912.58	0	photic stimulation	5	182516
912.625	0	photic stimulation	5	182525
912.665	0	photic stimulation	5	182533
912.71	0	photic stimulation	5	182542
912.755	0	photic stimulation	5	182551
912.795	0	photic stimulation	5	182559
912.84	0	photic stimulation	5	182568
912.885	0	photic stimulation	5	182577
912.93	0	photic stimulation	5	182586
912.97	0	photic stimulation	5	182594
913.015	0	photic stimulation	5	182603
913.06	0	photic stimulation	5	182612
913.105	0	photic stimulation	5	182621
913.145	0	photic stimulation	5	182629
913.19	0	photic stimulation	5	182638
913.235	0	photic stimulation	5	182647
913.275	0	photic stimulation	5	182655
913.32	0	photic stimulation	5	182664
913.365	0	photic stimulation	5	182673
913.41	0	photic stimulation	5	182682
913.45	0	photic stimulation	5	182690
913.495	0	photic stimulation	5	182699
913.54	0	photic stimulation	5	182708
913.58	0	photic stimulation	5	182716
913.625	0	photic stimulation	5	182725
913.67	0	photic stimulation	5	182734
913.715	0	photic stimulation	5	182743
913.755	0	photic stimulation	5	182751
913.8	0	photic stimulation	5	182760
913.845	0	photic stimulation	5	182769
913.89	0	photic stimulation	5	182778
913.93	0	photic stimulation	5	182786
913.945	0	photic stimulation	5	182789
918.985	0	photic stimulation	5	183797
919.025	0	photic stimulation	5	183805
919.065	0	photic stimulation	5	183813
919.105	0	photic stimulation	5	183821
919.145	0	photic stimulation	5	183829
919.185	0	photic stimulation	5	183837
919.225	0	photic stimulation	5	183845
919.265	0	photic stimulation	5	183853
919.305	0	photic stimulation	5	183861
919.345	0	photic stimulation	5	183869
919.385	0	photic stimulation	5	183877
919.425	0	photic stimulation	5	183885
919.465	0	photic stimulation	5	183893
919.505	0	photic stimulation	5	183901
919.545	0	photic stimulation	5	183909
919.585	0	photic stimulation	5	183917
919.625	0	photic stimulation	5	183925
919.665	0	photic stimulation	5	183933
919.705	0	photic stimulation	5	183941
919.745	0	photic stimulation	5	183949
919.785	0	photic stimulation	5	183957
919.825	0	photic stimulation	5	183965
919.865	0	photic stimulation	5	183973
919.905	0	photic stimulation	5	183981
919.945	0	photic stimulation	5	183989
919.985	0	photic stimulation	5	183997
920.025	0	photic stimulation	5	184005
920.065	0	photic stimulation	5	184013
920.105	0	photic stimulation	5	184021
920.145	0	photic stimulation	5	184029
920.185	0	photic stimulation	5	184037
920.225	0	photic stimulation	5	184045
920.265	0	photic stimulation	5	184053
920.305	0	photic stimulation	5	184061
920.345	0	photic stimulation	5	184069
920.385	0	photic stimulation	5	184077
920.425	0	photic stimulation	5	184085
920.465	0	photic stimulation	5	184093
920.505	0	photic stimulation	5	184101
920.545	0	photic stimulation	5	184109
920.585	0	photic stimulation	5	184117
920.625	0	photic stimulation	5	184125
920.665	0	photic stimulation	5	184133
920.705	0	photic stimulation	5	184141
920.745	0	photic stimulation	5	184149
920.785	0	photic stimulation	5	184157
920.825	0	photic stimulation	5	184165
920.865	0	photic stimulation	5	184173
920.905	0	photic stimulation	5	184181
920.945	0	photic stimulation	5	184189
920.985	0	photic stimulation	5	184197
921.025	0	photic stimulation	5	184205
921.065	0	photic stimulation	5	184213
921.105	0	photic stimulation	5	184221
921.145	0	photic stimulation	5	184229
921.185	0	photic stimulation	5	184237
921.225	0	photic stimulation	5	184245
921.265	0	photic stimulation	5	184253
921.305	0	photic stimulation	5	184261
921.345	0	photic stimulation	5	184269
921.385	0	photic stimulation	5	184277
921.425	0	photic stimulation	5	184285
921.465	0	photic stimulation	5	184293
921.505	0	photic stimulation	5	184301
921.545	0	photic stimulation	5	184309
921.585	0	photic stimulation	5	184317
921.625	0	photic stimulation	5	184325
921.665	0	photic stimulation	5	184333
921.705	0	photic stimulation	5	184341
921.745	0	photic stimulation	5	184349
921.785	0	photic stimulation	5	184357
921.825	0	photic stimulation	5	184365
921.865	0	photic stimulation	5	184373
921.905	0	photic stimulation	5	184381
921.945	0	photic stimulation	5	184389
921.985	0	photic stimulation	5	184397
922.025	0	photic stimulation	5	184405
922.065	0	photic stimulation	5	184413
922.105	0	photic stimulation	5	184421
922.145	0	photic stimulation	5	184429
922.185	0	photic stimulation	5	184437
922.225	0	photic stimulation	5	184445
922.265	0	photic stimulation	5	184453
922.305	0	photic stimulation	5	184461
922.345	0	photic stimulation	5	184469
922.385	0	photic stimulation	5	184477
922.425	0	photic stimulation	5	184485
922.465	0	photic stimulation	5	184493
922.505	0	photic stimulation	5	184501
922.545	0	photic stimulation	5	184509
922.585	0	photic stimulation	5	184517
922.625	0	photic stimulation	5	184525
922.665	0	photic stimulation	5	184533
922.705	0	photic stimulation	5	184541
922.745	0	photic stimulation	5	184549
922.785	0	photic stimulation	5	184557
922.825	0	photic stimulation	5	184565
922.865	0	photic stimulation	5	184573
922.905	0	photic stimulation	5	184581
922.945	0	photic stimulation	5	184589
922.985	0	photic stimulation	5	184597
923.025	0	photic stimulation	5	184605
923.065	0	photic stimulation	5	184613
923.105	0	photic stimulation	5	184621
923.145	0	photic stimulation	5	184629
923.185	0	photic stimulation	5	184637
923.225	0	photic stimulation	5	184645
923.265	0	photic stimulation	5	184653
923.305	0	photic stimulation	5	184661
923.345	0	photic stimulation	5	184669
923.385	0	photic stimulation	5	184677
923.425	0	photic stimulation	5	184685
923.465	0	photic stimulation	5	184693
923.505	0	photic stimulation	5	184701
923.545	0	photic stimulation	5	184709
923.585	0	photic stimulation	5	184717
923.625	0	photic stimulation	5	184725
923.665	0	photic stimulation	5	184733
923.705	0	photic stimulation	5	184741
923.745	0	photic stimulation	5	184749
923.785	0	photic stimulation	5	184757
923.825	0	photic stimulation	5	184765
923.865	0	photic stimulation	5	184773
923.905	0	photic stimulation	5	184781
923.945	0	photic stimulation	5	184789
923.985	0	photic stimulation	5	184797
924.025	0	photic stimulation	5	184805
924.065	0	photic stimulation	5	184813
924.105	0	photic stimulation	5	184821
924.145	0	photic stimulation	5	184829
924.185	0	photic stimulation	5	184837
924.225	0	photic stimulation	5	184845
924.265	0	photic stimulation	5	184853
924.305	0	photic stimulation	5	184861
924.345	0	photic stimulation	5	184869
924.385	0	photic stimulation	5	184877
924.425	0	photic stimulation	5	184885
924.465	0	photic stimulation	5	184893
924.505	0	photic stimulation	5	184901
924.545	0	photic stimulation	5	184909
924.585	0	photic stimulation	5	184917
924.625	0	photic stimulation	5	184925
924.665	0	photic stimulation	5	184933
924.705	0	photic stimulation	5	184941
924.745	0	photic stimulation	5	184949
924.785	0	photic stimulation	5	184957
924.825	0	photic stimulation	5	184965
924.865	0	photic stimulation	5	184973
924.905	0	photic stimulation	5	184981
924.945	0	photic stimulation	5	184989
924.985	0	photic stimulation	5	184997
925.025	0	photic stimulation	5	185005
925.065	0	photic stimulation	5	185013
925.105	0	photic stimulation	5	185021
925.145	0	photic stimulation	5	185029
925.185	0	photic stimulation	5	185037
925.225	0	photic stimulation	5	185045
925.265	0	photic stimulation	5	185053
925.305	0	photic stimulation	5	185061
925.345	0	photic stimulation	5	185069
925.385	0	photic stimulation	5	185077
925.425	0	photic stimulation	5	185085
925.465	0	photic stimulation	5	185093
925.505	0	photic stimulation	5	185101
925.545	0	photic stimulation	5	185109
925.585	0	photic stimulation	5	185117
925.625	0	photic stimulation	5	185125
925.665	0	photic stimulation	5	185133
925.705	0	photic stimulation	5	185141
925.745	0	photic stimulation	5	185149
925.785	0	photic stimulation	5	185157
925.825	0	photic stimulation	5	185165
925.865	0	photic stimulation	5	185173
925.905	0	photic stimulation	5	185181
925.945	0	photic stimulation	5	185189
925.985	0	photic stimulation	5	185197
926.025	0	photic stimulation	5	185205
926.065	0	photic stimulation	5	185213
926.105	0	photic stimulation	5	185221
926.145	0	photic stimulation	5	185229
926.185	0	photic stimulation	5	185237
926.225	0	photic stimulation	5	185245
926.265	0	photic stimulation	5	185253
926.305	0	photic stimulation	5	185261
926.345	0	photic stimulation	5	185269
926.385	0	photic stimulation	5	185277
926.425	0	photic stimulation	5	185285
926.465	0	photic stimulation	5	185293
926.505	0	photic stimulation	5	185301
926.545	0	photic stimulation	5	185309
926.585	0	photic stimulation	5	185317
926.625	0	photic stimulation	5	185325
926.665	0	photic stimulation	5	185333
926.705	0	photic stimulation	5	185341
926.745	0	photic stimulation	5	185349
926.785	0	photic stimulation	5	185357
926.825	0	photic stimulation	5	185365
926.865	0	photic stimulation	5	185373
926.905	0	photic stimulation	5	185381
926.945	0	photic stimulation	5	185389
926.985	0	photic stimulation	5	185397
927.025	0	photic stimulation	5	185405
927.065	0	photic stimulation	5	185413
927.105	0	photic stimulation	5	185421
927.145	0	photic stimulation	5	185429
927.185	0	photic stimulation	5	185437
927.225	0	photic stimulation	5	185445
927.265	0	photic stimulation	5	185453
927.305	0	photic stimulation	5	185461
927.345	0	photic stimulation	5	185469
927.385	0	photic stimulation	5	185477
927.425	0	photic stimulation	5	185485
927.465	0	photic stimulation	5	185493
927.505	0	photic stimulation	5	185501
927.545	0	photic stimulation	5	185509
927.585	0	photic stimulation	5	185517
927.625	0	photic stimulation	5	185525
927.665	0	photic stimulation	5	185533
927.705	0	photic stimulation	5	185541
927.745	0	photic stimulation	5	185549
927.785	0	photic stimulation	5	185557
927.825	0	photic stimulation	5	185565
927.865	0	photic stimulation	5	185573
927.905	0	photic stimulation	5	185581
927.945	0	photic stimulation	5	185589
927.985	0	photic stimulation	5	185597
928.025	0	photic stimulation	5	185605
928.065	0	photic stimulation	5	185613
928.105	0	photic stimulation	5	185621
928.145	0	photic stimulation	5	185629
928.185	0	photic stimulation	5	185637
928.225	0	photic stimulation	5	185645
928.265	0	photic stimulation	5	185653
928.305	0	photic stimulation	5	185661
928.345	0	photic stimulation	5	185669
928.385	0	photic stimulation	5	185677
928.425	0	photic stimulation	5	185685
928.465	0	photic stimulation	5	185693
928.505	0	photic stimulation	5	185701
928.545	0	photic stimulation	5	185709
928.585	0	photic stimulation	5	185717
928.625	0	photic stimulation	5	185725
928.665	0	photic stimulation	5	185733
928.705	0	photic stimulation	5	185741
928.745	0	photic stimulation	5	185749
928.785	0	photic stimulation	5	185757
928.825	0	photic stimulation	5	185765
928.865	0	photic stimulation	5	185773
928.905	0	photic stimulation	5	185781
928.945	0	photic stimulation	5	185789
933.98	0	photic stimulation	5	186796
934.02	0	photic stimulation	5	186804
934.055	0	photic stimulation	5	186811
934.09	0	photic stimulation	5	186818
934.13	0	photic stimulation	5	186826
934.165	0	photic stimulation	5	186833
934.205	0	photic stimulation	5	186841
934.24	0	photic stimulation	5	186848
934.275	0	photic stimulation	5	186855
934.315	0	photic stimulation	5	186863
934.35	0	photic stimulation	5	186870
934.39	0	photic stimulation	5	186878
934.425	0	photic stimulation	5	186885
934.46	0	photic stimulation	5	186892
934.5	0	photic stimulation	5	186900
934.535	0	photic stimulation	5	186907
934.57	0	photic stimulation	5	186914
934.61	0	photic stimulation	5	186922
934.645	0	photic stimulation	5	186929
934.685	0	photic stimulation	5	186937
934.72	0	photic stimulation	5	186944
934.755	0	photic stimulation	5	186951
934.795	0	photic stimulation	5	186959
934.83	0	photic stimulation	5	186966
934.87	0	photic stimulation	5	186974
934.905	0	photic stimulation	5	186981
934.94	0	photic stimulation	5	186988
934.98	0	photic stimulation	5	186996
935.015	0	photic stimulation	5	187003
935.055	0	photic stimulation	5	187011
935.09	0	photic stimulation	5	187018
935.125	0	photic stimulation	5	187025
935.165	0	photic stimulation	5	187033
935.2	0	photic stimulation	5	187040
935.235	0	photic stimulation	5	187047
935.275	0	photic stimulation	5	187055
935.31	0	photic stimulation	5	187062
935.35	0	photic stimulation	5	187070
935.385	0	photic stimulation	5	187077
935.42	0	photic stimulation	5	187084
935.46	0	photic stimulation	5	187092
935.495	0	photic stimulation	5	187099
935.535	0	photic stimulation	5	187107
935.57	0	photic stimulation	5	187114
935.605	0	photic stimulation	5	187121
935.645	0	photic stimulation	5	187129
935.68	0	photic stimulation	5	187136
935.72	0	photic stimulation	5	187144
935.755	0	photic stimulation	5	187151
935.79	0	photic stimulation	5	187158
935.83	0	photic stimulation	5	187166
935.865	0	photic stimulation	5	187173
935.9	0	photic stimulation	5	187180
935.94	0	photic stimulation	5	187188
935.975	0	photic stimulation	5	187195
936.015	0	photic stimulation	5	187203
936.05	0	photic stimulation	5	187210
936.085	0	photic stimulation	5	187217
936.125	0	photic stimulation	5	187225
936.16	0	photic stimulation	5	187232
936.2	0	photic stimulation	5	187240
936.235	0	photic stimulation	5	187247
936.27	0	photic stimulation	5	187254
936.31	0	photic stimulation	5	187262
936.345	0	photic stimulation	5	187269
936.385	0	photic stimulation	5	187277
936.42	0	photic stimulation	5	187284
936.455	0	photic stimulation	5	187291
936.495	0	photic stimulation	5	187299
936.53	0	photic stimulation	5	187306
936.565	0	photic stimulation	5	187313
936.605	0	photic stimulation	5	187321
936.64	0	photic stimulation	5	187328
936.68	0	photic stimulation	5	187336
936.715	0	photic stimulation	5	187343
936.75	0	photic stimulation	5	187350
936.79	0	photic stimulation	5	187358
936.825	0	photic stimulation	5	187365
936.865	0	photic stimulation	5	187373
936.9	0	photic stimulation	5	187380
936.935	0	photic stimulation	5	187387
936.975	0	photic stimulation	5	187395
937.01	0	photic stimulation	5	187402
937.05	0	photic stimulation	5	187410
937.085	0	photic stimulation	5	187417
937.12	0	photic stimulation	5	187424
937.16	0	photic stimulation	5	187432
937.195	0	photic stimulation	5	187439
937.23	0	photic stimulation	5	187446
937.27	0	photic stimulation	5	187454
937.305	0	photic stimulation	5	187461
937.345	0	photic stimulation	5	187469
937.38	0	photic stimulation	5	187476
937.415	0	photic stimulation	5	187483
937.455	0	photic stimulation	5	187491
937.49	0	photic stimulation	5	187498
937.53	0	photic stimulation	5	187506
937.565	0	photic stimulation	5	187513
937.6	0	photic stimulation	5	187520
937.64	0	photic stimulation	5	187528
937.675	0	photic stimulation	5	187535
937.715	0	photic stimulation	5	187543
937.75	0	photic stimulation	5	187550
937.785	0	photic stimulation	5	187557
937.825	0	photic stimulation	5	187565
937.86	0	photic stimulation	5	187572
937.895	0	photic stimulation	5	187579
937.935	0	photic stimulation	5	187587
937.97	0	photic stimulation	5	187594
938.01	0	photic stimulation	5	187602
938.045	0	photic stimulation	5	187609
938.08	0	photic stimulation	5	187616
938.12	0	photic stimulation	5	187624
938.155	0	photic stimulation	5	187631
938.195	0	photic stimulation	5	187639
938.23	0	photic stimulation	5	187646
938.265	0	photic stimulation	5	187653
938.305	0	photic stimulation	5	187661
938.34	0	photic stimulation	5	187668
938.38	0	photic stimulation	5	187676
938.415	0	photic stimulation	5	187683
938.45	0	photic stimulation	5	187690
938.49	0	photic stimulation	5	187698
938.525	0	photic stimulation	5	187705
938.56	0	photic stimulation	5	187712
938.6	0	photic stimulation	5	187720
938.635	0	photic stimulation	5	187727
938.675	0	photic stimulation	5	187735
938.71	0	photic stimulation	5	187742
938.745	0	photic stimulation	5	187749
938.785	0	photic stimulation	5	187757
938.82	0	photic stimulation	5	187764
938.86	0	photic stimulation	5	187772
938.895	0	photic stimulation	5	187779
938.93	0	photic stimulation	5	187786
938.97	0	photic stimulation	5	187794
939.005	0	photic stimulation	5	187801
939.045	0	photic stimulation	5	187809
939.08	0	photic stimulation	5	187816
939.115	0	photic stimulation	5	187823
939.155	0	photic stimulation	5	187831
939.19	0	photic stimulation	5	187838
939.225	0	photic stimulation	5	187845
939.265	0	photic stimulation	5	187853
939.3	0	photic stimulation	5	187860
939.34	0	photic stimulation	5	187868
939.375	0	photic stimulation	5	187875
939.41	0	photic stimulation	5	187882
939.45	0	photic stimulation	5	187890
939.485	0	photic stimulation	5	187897
939.525	0	photic stimulation	5	187905
939.56	0	photic stimulation	5	187912
939.595	0	photic stimulation	5	187919
939.635	0	photic stimulation	5	187927
939.67	0	photic stimulation	5	187934
939.71	0	photic stimulation	5	187942
939.745	0	photic stimulation	5	187949
939.78	0	photic stimulation	5	187956
939.82	0	photic stimulation	5	187964
939.855	0	photic stimulation	5	187971
939.89	0	photic stimulation	5	187978
939.93	0	photic stimulation	5	187986
939.965	0	photic stimulation	5	187993
940.005	0	photic stimulation	5	188001
940.04	0	photic stimulation	5	188008
940.075	0	photic stimulation	5	188015
940.115	0	photic stimulation	5	188023
940.15	0	photic stimulation	5	188030
940.19	0	photic stimulation	5	188038
940.225	0	photic stimulation	5	188045
940.26	0	photic stimulation	5	188052
940.3	0	photic stimulation	5	188060
940.335	0	photic stimulation	5	188067
940.375	0	photic stimulation	5	188075
940.41	0	photic stimulation	5	188082
940.445	0	photic stimulation	5	188089
940.485	0	photic stimulation	5	188097
940.52	0	photic stimulation	5	188104
940.555	0	photic stimulation	5	188111
940.595	0	photic stimulation	5	188119
940.63	0	photic stimulation	5	188126
940.67	0	photic stimulation	5	188134
940.705	0	photic stimulation	5	188141
940.74	0	photic stimulation	5	188148
940.78	0	photic stimulation	5	188156
940.815	0	photic stimulation	5	188163
940.855	0	photic stimulation	5	188171
940.89	0	photic stimulation	5	188178
940.925	0	photic stimulation	5	188185
940.965	0	photic stimulation	5	188193
941	0	photic stimulation	5	188200
941.04	0	photic stimulation	5	188208
941.075	0	photic stimulation	5	188215
941.11	0	photic stimulation	5	188222
941.15	0	photic stimulation	5	188230
941.185	0	photic stimulation	5	188237
941.22	0	photic stimulation	5	188244
941.26	0	photic stimulation	5	188252
941.295	0	photic stimulation	5	188259
941.335	0	photic stimulation	5	188267
941.37	0	photic stimulation	5	188274
941.405	0	photic stimulation	5	188281
941.445	0	photic stimulation	5	188289
941.48	0	photic stimulation	5	188296
941.52	0	photic stimulation	5	188304
941.555	0	photic stimulation	5	188311
941.59	0	photic stimulation	5	188318
941.63	0	photic stimulation	5	188326
941.665	0	photic stimulation	5	188333
941.705	0	photic stimulation	5	188341
941.74	0	photic stimulation	5	188348
941.775	0	photic stimulation	5	188355
941.815	0	photic stimulation	5	188363
941.85	0	photic stimulation	5	188370
941.885	0	photic stimulation	5	188377
941.925	0	photic stimulation	5	188385
941.96	0	photic stimulation	5	188392
942	0	photic stimulation	5	188400
942.035	0	photic stimulation	5	188407
942.07	0	photic stimulation	5	188414
942.11	0	photic stimulation	5	188422
942.145	0	photic stimulation	5	188429
942.185	0	photic stimulation	5	188437
942.22	0	photic stimulation	5	188444
942.255	0	photic stimulation	5	188451
942.295	0	photic stimulation	5	188459
942.33	0	photic stimulation	5	188466
942.37	0	photic stimulation	5	188474
942.405	0	photic stimulation	5	188481
942.44	0	photic stimulation	5	188488
942.48	0	photic stimulation	5	188496
942.515	0	photic stimulation	5	188503
942.55	0	photic stimulation	5	188510
942.59	0	photic stimulation	5	188518
942.625	0	photic stimulation	5	188525
942.665	0	photic stimulation	5	188533
942.7	0	photic stimulation	5	188540
942.735	0	photic stimulation	5	188547
942.775	0	photic stimulation	5	188555
942.81	0	photic stimulation	5	188562
942.85	0	photic stimulation	5	188570
942.885	0	photic stimulation	5	188577
942.92	0	photic stimulation	5	188584
942.96	0	photic stimulation	5	188592
942.995	0	photic stimulation	5	188599
943.035	0	photic stimulation	5	188607
943.07	0	photic stimulation	5	188614
943.105	0	photic stimulation	5	188621
943.145	0	photic stimulation	5	188629
943.18	0	photic stimulation	5	188636
943.215	0	photic stimulation	5	188643
943.255	0	photic stimulation	5	188651
943.29	0	photic stimulation	5	188658
943.33	0	photic stimulation	5	188666
943.365	0	photic stimulation	5	188673
943.4	0	photic stimulation	5	188680
943.44	0	photic stimulation	5	188688
943.475	0	photic stimulation	5	188695
943.515	0	photic stimulation	5	188703
943.55	0	photic stimulation	5	188710
943.585	0	photic stimulation	5	188717
943.625	0	photic stimulation	5	188725
943.66	0	photic stimulation	5	188732
943.7	0	photic stimulation	5	188740
943.735	0	photic stimulation	5	188747
943.77	0	photic stimulation	5	188754
943.81	0	photic stimulation	5	188762
943.845	0	photic stimulation	5	188769
943.88	0	photic stimulation	5	188776
943.92	0	photic stimulation	5	188784
943.945	0	photic stimulation	5	188789
948.98	0	photic stimulation	5	189796
949.015	0	photic stimulation	5	189803
949.05	0	photic stimulation	5	189810
949.08	0	photic stimulation	5	189816
949.115	0	photic stimulation	5	189823
949.15	0	photic stimulation	5	189830
949.185	0	photic stimulation	5	189837
949.22	0	photic stimulation	5	189844
949.255	0	photic stimulation	5	189851
949.29	0	photic stimulation	5	189858
949.325	0	photic stimulation	5	189865
949.36	0	photic stimulation	5	189872
949.39	0	photic stimulation	5	189878
949.425	0	photic stimulation	5	189885
949.46	0	photic stimulation	5	189892
949.495	0	photic stimulation	5	189899
949.53	0	photic stimulation	5	189906
949.565	0	photic stimulation	5	189913
949.6	0	photic stimulation	5	189920
949.635	0	photic stimulation	5	189927
949.67	0	photic stimulation	5	189934
949.7	0	photic stimulation	5	189940
949.735	0	photic stimulation	5	189947
949.77	0	photic stimulation	5	189954
949.805	0	photic stimulation	5	189961
949.84	0	photic stimulation	5	189968
949.875	0	photic stimulation	5	189975
949.91	0	photic stimulation	5	189982
949.945	0	photic stimulation	5	189989
949.98	0	photic stimulation	5	189996
950.01	0	photic stimulation	5	190002
950.045	0	photic stimulation	5	190009
950.08	0	photic stimulation	5	190016
950.115	0	photic stimulation	5	190023
950.15	0	photic stimulation	5	190030
950.185	0	photic stimulation	5	190037
950.22	0	photic stimulation	5	190044
950.255	0	photic stimulation	5	190051
950.29	0	photic stimulation	5	190058
950.32	0	photic stimulation	5	190064
950.355	0	photic stimulation	5	190071
950.39	0	photic stimulation	5	190078
950.425	0	photic stimulation	5	190085
950.46	0	photic stimulation	5	190092
950.495	0	photic stimulation	5	190099
950.53	0	photic stimulation	5	190106
950.565	0	photic stimulation	5	190113
950.6	0	photic stimulation	5	190120
950.63	0	photic stimulation	5	190126
950.665	0	photic stimulation	5	190133
950.7	0	photic stimulation	5	190140
950.735	0	photic stimulation	5	190147
950.77	0	photic stimulation	5	190154
950.805	0	photic stimulation	5	190161
950.84	0	photic stimulation	5	190168
950.875	0	photic stimulation	5	190175
950.91	0	photic stimulation	5	190182
950.94	0	photic stimulation	5	190188
950.975	0	photic stimulation	5	190195
951.01	0	photic stimulation	5	190202
951.045	0	photic stimulation	5	190209
951.08	0	photic stimulation	5	190216
951.115	0	photic stimulation	5	190223
951.15	0	photic stimulation	5	190230
951.185	0	photic stimulation	5	190237
951.22	0	photic stimulation	5	190244
951.25	0	photic stimulation	5	190250
951.285	0	photic stimulation	5	190257
951.32	0	photic stimulation	5	190264
951.355	0	photic stimulation	5	190271
951.39	0	photic stimulation	5	190278
951.425	0	photic stimulation	5	190285
951.46	0	photic stimulation	5	190292
951.495	0	photic stimulation	5	190299
951.53	0	photic stimulation	5	190306
951.56	0	photic stimulation	5	190312
951.595	0	photic stimulation	5	190319
951.63	0	photic stimulation	5	190326
951.665	0	photic stimulation	5	190333
951.7	0	photic stimulation	5	190340
951.735	0	photic stimulation	5	190347
951.77	0	photic stimulation	5	190354
951.805	0	photic stimulation	5	190361
951.84	0	photic stimulation	5	190368
951.87	0	photic stimulation	5	190374
951.905	0	photic stimulation	5	190381
951.94	0	photic stimulation	5	190388
951.975	0	photic stimulation	5	190395
952.01	0	photic stimulation	5	190402
952.045	0	photic stimulation	5	190409
952.08	0	photic stimulation	5	190416
952.115	0	photic stimulation	5	190423
952.15	0	photic stimulation	5	190430
952.18	0	photic stimulation	5	190436
952.215	0	photic stimulation	5	190443
952.25	0	photic stimulation	5	190450
952.285	0	photic stimulation	5	190457
952.32	0	photic stimulation	5	190464
952.355	0	photic stimulation	5	190471
952.39	0	photic stimulation	5	190478
952.425	0	photic stimulation	5	190485
952.46	0	photic stimulation	5	190492
952.49	0	photic stimulation	5	190498
952.525	0	photic stimulation	5	190505
952.56	0	photic stimulation	5	190512
952.595	0	photic stimulation	5	190519
952.63	0	photic stimulation	5	190526
952.665	0	photic stimulation	5	190533
952.7	0	photic stimulation	5	190540
952.735	0	photic stimulation	5	190547
952.77	0	photic stimulation	5	190554
952.8	0	photic stimulation	5	190560
952.835	0	photic stimulation	5	190567
952.87	0	photic stimulation	5	190574
952.905	0	photic stimulation	5	190581
952.94	0	photic stimulation	5	190588
952.975	0	photic stimulation	5	190595
953.01	0	photic stimulation	5	190602
953.045	0	photic stimulation	5	190609
953.08	0	photic stimulation	5	190616
953.11	0	photic stimulation	5	190622
953.145	0	photic stimulation	5	190629
953.18	0	photic stimulation	5	190636
953.215	0	photic stimulation	5	190643
953.25	0	photic stimulation	5	190650
953.285	0	photic stimulation	5	190657
953.32	0	photic stimulation	5	190664
953.355	0	photic stimulation	5	190671
953.39	0	photic stimulation	5	190678
953.42	0	photic stimulation	5	190684
953.455	0	photic stimulation	5	190691
953.49	0	photic stimulation	5	190698
953.525	0	photic stimulation	5	190705
953.56	0	photic stimulation	5	190712
953.595	0	photic stimulation	5	190719
953.63	0	photic stimulation	5	190726
953.665	0	photic stimulation	5	190733
953.7	0	photic stimulation	5	190740
953.73	0	photic stimulation	5	190746
953.765	0	photic stimulation	5	190753
953.8	0	photic stimulation	5	190760
953.835	0	photic stimulation	5	190767
953.87	0	photic stimulation	5	190774
953.905	0	photic stimulation	5	190781
953.94	0	photic stimulation	5	190788
953.975	0	photic stimulation	5	190795
954.01	0	photic stimulation	5	190802
954.04	0	photic stimulation	5	190808
954.075	0	photic stimulation	5	190815
954.11	0	photic stimulation	5	190822
954.145	0	photic stimulation	5	190829
954.18	0	photic stimulation	5	190836
954.215	0	photic stimulation	5	190843
954.25	0	photic stimulation	5	190850
954.285	0	photic stimulation	5	190857
954.32	0	photic stimulation	5	190864
954.35	0	photic stimulation	5	190870
954.385	0	photic stimulation	5	190877
954.42	0	photic stimulation	5	190884
954.455	0	photic stimulation	5	190891
954.49	0	photic stimulation	5	190898
954.525	0	photic stimulation	5	190905
954.56	0	photic stimulation	5	190912
954.595	0	photic stimulation	5	190919
954.63	0	photic stimulation	5	190926
954.66	0	photic stimulation	5	190932
954.695	0	photic stimulation	5	190939
954.73	0	photic stimulation	5	190946
954.765	0	photic stimulation	5	190953
954.8	0	photic stimulation	5	190960
954.835	0	photic stimulation	5	190967
954.87	0	photic stimulation	5	190974
954.905	0	photic stimulation	5	190981
954.94	0	photic stimulation	5	190988
954.97	0	photic stimulation	5	190994
955.005	0	photic stimulation	5	191001
955.04	0	photic stimulation	5	191008
955.075	0	photic stimulation	5	191015
955.11	0	photic stimulation	5	191022
955.145	0	photic stimulation	5	191029
955.18	0	photic stimulation	5	191036
955.215	0	photic stimulation	5	191043
955.25	0	photic stimulation	5	191050
955.28	0	photic stimulation	5	191056
955.315	0	photic stimulation	5	191063
955.35	0	photic stimulation	5	191070
955.385	0	photic stimulation	5	191077
955.42	0	photic stimulation	5	191084
955.455	0	photic stimulation	5	191091
955.49	0	photic stimulation	5	191098
955.525	0	photic stimulation	5	191105
955.56	0	photic stimulation	5	191112
955.59	0	photic stimulation	5	191118
955.625	0	photic stimulation	5	191125
955.66	0	photic stimulation	5	191132
955.695	0	photic stimulation	5	191139
955.73	0	photic stimulation	5	191146
955.765	0	photic stimulation	5	191153
955.8	0	photic stimulation	5	191160
955.835	0	photic stimulation	5	191167
955.87	0	photic stimulation	5	191174
955.9	0	photic stimulation	5	191180
955.935	0	photic stimulation	5	191187
955.97	0	photic stimulation	5	191194
956.005	0	photic stimulation	5	191201
956.04	0	photic stimulation	5	191208
956.075	0	photic stimulation	5	191215
956.11	0	photic stimulation	5	191222
956.145	0	photic stimulation	5	191229
956.18	0	photic stimulation	5	191236
956.21	0	photic stimulation	5	191242
956.245	0	photic stimulation	5	191249
956.28	0	photic stimulation	5	191256
956.315	0	photic stimulation	5	191263
956.35	0	photic stimulation	5	191270
956.385	0	photic stimulation	5	191277
956.42	0	photic stimulation	5	191284
956.455	0	photic stimulation	5	191291
956.49	0	photic stimulation	5	191298
956.52	0	photic stimulation	5	191304
956.555	0	photic stimulation	5	191311
956.59	0	photic stimulation	5	191318
956.625	0	photic stimulation	5	191325
956.66	0	photic stimulation	5	191332
956.695	0	photic stimulation	5	191339
956.73	0	photic stimulation	5	191346
956.765	0	photic stimulation	5	191353
956.8	0	photic stimulation	5	191360
956.83	0	photic stimulation	5	191366
956.865	0	photic stimulation	5	191373
956.9	0	photic stimulation	5	191380
956.935	0	photic stimulation	5	191387
956.97	0	photic stimulation	5	191394
957.005	0	photic stimulation	5	191401
957.04	0	photic stimulation	5	191408
957.075	0	photic stimulation	5	191415
957.11	0	photic stimulation	5	191422
957.14	0	photic stimulation	5	191428
957.175	0	photic stimulation	5	191435
957.21	0	photic stimulation	5	191442
957.245	0	photic stimulation	5	191449
957.28	0	photic stimulation	5	191456
957.315	0	photic stimulation	5	191463
957.35	0	photic stimulation	5	191470
957.385	0	photic stimulation	5	191477
957.42	0	photic stimulation	5	191484
957.45	0	photic stimulation	5	191490
957.485	0	photic stimulation	5	191497
957.52	0	photic stimulation	5	191504
957.555	0	photic stimulation	5	191511
957.59	0	photic stimulation	5	191518
957.625	0	photic stimulation	5	191525
957.66	0	photic stimulation	5	191532
957.695	0	photic stimulation	5	191539
957.73	0	photic stimulation	5	191546
957.76	0	photic stimulation	5	191552
957.795	0	photic stimulation	5	191559
957.83	0	photic stimulation	5	191566
957.865	0	photic stimulation	5	191573
957.9	0	photic stimulation	5	191580
957.935	0	photic stimulation	5	191587
957.97	0	photic stimulation	5	191594
958.005	0	photic stimulation	5	191601
958.04	0	photic stimulation	5	191608
958.07	0	photic stimulation	5	191614
958.105	0	photic stimulation	5	191621
958.14	0	photic stimulation	5	191628
958.175	0	photic stimulation	5	191635
958.21	0	photic stimulation	5	191642
958.245	0	photic stimulation	5	191649
958.28	0	photic stimulation	5	191656
958.315	0	photic stimulation	5	191663
958.35	0	photic stimulation	5	191670
958.38	0	photic stimulation	5	191676
958.415	0	photic stimulation	5	191683
958.45	0	photic stimulation	5	191690
958.485	0	photic stimulation	5	191697
958.52	0	photic stimulation	5	191704
958.555	0	photic stimulation	5	191711
958.59	0	photic stimulation	5	191718
958.625	0	photic stimulation	5	191725
958.66	0	photic stimulation	5	191732
958.69	0	photic stimulation	5	191738
958.725	0	photic stimulation	5	191745
958.76	0	photic stimulation	5	191752
958.795	0	photic stimulation	5	191759
958.83	0	photic stimulation	5	191766
958.865	0	photic stimulation	5	191773
958.9	0	photic stimulation	5	191780
958.935	0	photic stimulation	5	191787
958.945	0	photic stimulation	5	191789
