onset	duration	trial_type	value	sample
0.005	0	ojos cerrados	65	1
162.725	0	ojos abiertos	66	32545
181.82	0	ojos cerrados	65	36364
212.07	0	ojos abiertos	66	42414
228.505	0	ojos cerrados	65	45701
251.38	0	ojos abiertos	66	50276
275.335	0	ojos cerrados	65	55067
298.565	0	ojos abiertos	66	59713
327.04	0	hiperventilacion 1	67	65408
391.78	0	hiperventilacion 2	68	78356
454.59	0	hiperventilacion 3	69	90918
493.315	0	hiperventilacion 4	74	98663
544.33	0	recuperacion	70	108866
711.32	0	fotoestimulacion	71	142264
713.63	0	photic stimulation	5	142726
714.63	0	photic stimulation	5	142926
715.63	0	photic stimulation	5	143126
716.63	0	photic stimulation	5	143326
717.63	0	photic stimulation	5	143526
718.63	0	photic stimulation	5	143726
719.63	0	photic stimulation	5	143926
720.63	0	photic stimulation	5	144126
721.63	0	photic stimulation	5	144326
722.625	0	photic stimulation	5	144525
727.96	0	photic stimulation	5	145592
728.295	0	photic stimulation	5	145659
728.625	0	photic stimulation	5	145725
728.96	0	photic stimulation	5	145792
729.295	0	photic stimulation	5	145859
729.625	0	photic stimulation	5	145925
729.96	0	photic stimulation	5	145992
730.295	0	photic stimulation	5	146059
730.625	0	photic stimulation	5	146125
730.96	0	photic stimulation	5	146192
731.295	0	photic stimulation	5	146259
731.625	0	photic stimulation	5	146325
731.96	0	photic stimulation	5	146392
732.295	0	photic stimulation	5	146459
732.625	0	photic stimulation	5	146525
732.96	0	photic stimulation	5	146592
733.295	0	photic stimulation	5	146659
733.625	0	photic stimulation	5	146725
733.96	0	photic stimulation	5	146792
734.295	0	photic stimulation	5	146859
734.625	0	photic stimulation	5	146925
734.96	0	photic stimulation	5	146992
735.295	0	photic stimulation	5	147059
735.625	0	photic stimulation	5	147125
735.96	0	photic stimulation	5	147192
736.295	0	photic stimulation	5	147259
736.625	0	photic stimulation	5	147325
736.96	0	photic stimulation	5	147392
737.295	0	photic stimulation	5	147459
737.625	0	photic stimulation	5	147525
742.825	0	photic stimulation	5	148565
743.025	0	photic stimulation	5	148605
743.225	0	photic stimulation	5	148645
743.425	0	photic stimulation	5	148685
743.625	0	photic stimulation	5	148725
743.825	0	photic stimulation	5	148765
744.025	0	photic stimulation	5	148805
744.225	0	photic stimulation	5	148845
744.425	0	photic stimulation	5	148885
744.625	0	photic stimulation	5	148925
744.825	0	photic stimulation	5	148965
745.025	0	photic stimulation	5	149005
745.225	0	photic stimulation	5	149045
745.425	0	photic stimulation	5	149085
745.625	0	photic stimulation	5	149125
745.825	0	photic stimulation	5	149165
746.025	0	photic stimulation	5	149205
746.225	0	photic stimulation	5	149245
746.425	0	photic stimulation	5	149285
746.625	0	photic stimulation	5	149325
746.825	0	photic stimulation	5	149365
747.025	0	photic stimulation	5	149405
747.225	0	photic stimulation	5	149445
747.425	0	photic stimulation	5	149485
747.625	0	photic stimulation	5	149525
747.825	0	photic stimulation	5	149565
748.025	0	photic stimulation	5	149605
748.225	0	photic stimulation	5	149645
748.425	0	photic stimulation	5	149685
748.625	0	photic stimulation	5	149725
748.825	0	photic stimulation	5	149765
749.025	0	photic stimulation	5	149805
749.225	0	photic stimulation	5	149845
749.425	0	photic stimulation	5	149885
749.625	0	photic stimulation	5	149925
749.825	0	photic stimulation	5	149965
750.025	0	photic stimulation	5	150005
750.225	0	photic stimulation	5	150045
750.425	0	photic stimulation	5	150085
750.625	0	photic stimulation	5	150125
750.825	0	photic stimulation	5	150165
751.025	0	photic stimulation	5	150205
751.225	0	photic stimulation	5	150245
751.425	0	photic stimulation	5	150285
751.625	0	photic stimulation	5	150325
751.825	0	photic stimulation	5	150365
752.025	0	photic stimulation	5	150405
752.225	0	photic stimulation	5	150445
752.425	0	photic stimulation	5	150485
752.625	0	photic stimulation	5	150525
757.77	0	photic stimulation	5	151554
757.915	0	photic stimulation	5	151583
758.055	0	photic stimulation	5	151611
758.2	0	photic stimulation	5	151640
758.34	0	photic stimulation	5	151668
758.485	0	photic stimulation	5	151697
758.625	0	photic stimulation	5	151725
758.77	0	photic stimulation	5	151754
758.91	0	photic stimulation	5	151782
759.055	0	photic stimulation	5	151811
759.2	0	photic stimulation	5	151840
759.34	0	photic stimulation	5	151868
759.485	0	photic stimulation	5	151897
759.625	0	photic stimulation	5	151925
759.77	0	photic stimulation	5	151954
759.91	0	photic stimulation	5	151982
760.055	0	photic stimulation	5	152011
760.195	0	photic stimulation	5	152039
760.34	0	photic stimulation	5	152068
760.485	0	photic stimulation	5	152097
760.625	0	photic stimulation	5	152125
760.77	0	photic stimulation	5	152154
760.91	0	photic stimulation	5	152182
761.055	0	photic stimulation	5	152211
761.195	0	photic stimulation	5	152239
761.34	0	photic stimulation	5	152268
761.48	0	photic stimulation	5	152296
761.625	0	photic stimulation	5	152325
761.77	0	photic stimulation	5	152354
761.91	0	photic stimulation	5	152382
762.055	0	photic stimulation	5	152411
762.195	0	photic stimulation	5	152439
762.34	0	photic stimulation	5	152468
762.48	0	photic stimulation	5	152496
762.625	0	photic stimulation	5	152525
762.765	0	photic stimulation	5	152553
762.91	0	photic stimulation	5	152582
763.055	0	photic stimulation	5	152611
763.195	0	photic stimulation	5	152639
763.34	0	photic stimulation	5	152668
763.48	0	photic stimulation	5	152696
763.625	0	photic stimulation	5	152725
763.765	0	photic stimulation	5	152753
763.91	0	photic stimulation	5	152782
764.05	0	photic stimulation	5	152810
764.195	0	photic stimulation	5	152839
764.34	0	photic stimulation	5	152868
764.48	0	photic stimulation	5	152896
764.625	0	photic stimulation	5	152925
764.765	0	photic stimulation	5	152953
764.91	0	photic stimulation	5	152982
765.05	0	photic stimulation	5	153010
765.195	0	photic stimulation	5	153039
765.335	0	photic stimulation	5	153067
765.48	0	photic stimulation	5	153096
765.625	0	photic stimulation	5	153125
765.765	0	photic stimulation	5	153153
765.91	0	photic stimulation	5	153182
766.05	0	photic stimulation	5	153210
766.195	0	photic stimulation	5	153239
766.335	0	photic stimulation	5	153267
766.48	0	photic stimulation	5	153296
766.62	0	photic stimulation	5	153324
766.765	0	photic stimulation	5	153353
766.91	0	photic stimulation	5	153382
767.05	0	photic stimulation	5	153410
767.195	0	photic stimulation	5	153439
767.335	0	photic stimulation	5	153467
767.48	0	photic stimulation	5	153496
767.62	0	photic stimulation	5	153524
767.625	0	photic stimulation	5	153525
772.75	0	photic stimulation	5	154550
772.875	0	photic stimulation	5	154575
773	0	photic stimulation	5	154600
773.125	0	photic stimulation	5	154625
773.25	0	photic stimulation	5	154650
773.375	0	photic stimulation	5	154675
773.5	0	photic stimulation	5	154700
773.625	0	photic stimulation	5	154725
773.75	0	photic stimulation	5	154750
773.875	0	photic stimulation	5	154775
774	0	photic stimulation	5	154800
774.125	0	photic stimulation	5	154825
774.25	0	photic stimulation	5	154850
774.375	0	photic stimulation	5	154875
774.5	0	photic stimulation	5	154900
774.625	0	photic stimulation	5	154925
774.75	0	photic stimulation	5	154950
774.875	0	photic stimulation	5	154975
775	0	photic stimulation	5	155000
775.125	0	photic stimulation	5	155025
775.25	0	photic stimulation	5	155050
775.375	0	photic stimulation	5	155075
775.5	0	photic stimulation	5	155100
775.625	0	photic stimulation	5	155125
775.75	0	photic stimulation	5	155150
775.875	0	photic stimulation	5	155175
776	0	photic stimulation	5	155200
776.125	0	photic stimulation	5	155225
776.25	0	photic stimulation	5	155250
776.375	0	photic stimulation	5	155275
776.5	0	photic stimulation	5	155300
776.625	0	photic stimulation	5	155325
776.75	0	photic stimulation	5	155350
776.875	0	photic stimulation	5	155375
777	0	photic stimulation	5	155400
777.125	0	photic stimulation	5	155425
777.25	0	photic stimulation	5	155450
777.375	0	photic stimulation	5	155475
777.5	0	photic stimulation	5	155500
777.625	0	photic stimulation	5	155525
777.75	0	photic stimulation	5	155550
777.875	0	photic stimulation	5	155575
778	0	photic stimulation	5	155600
778.125	0	photic stimulation	5	155625
778.25	0	photic stimulation	5	155650
778.375	0	photic stimulation	5	155675
778.5	0	photic stimulation	5	155700
778.625	0	photic stimulation	5	155725
778.75	0	photic stimulation	5	155750
778.875	0	photic stimulation	5	155775
779	0	photic stimulation	5	155800
779.125	0	photic stimulation	5	155825
779.25	0	photic stimulation	5	155850
779.375	0	photic stimulation	5	155875
779.5	0	photic stimulation	5	155900
779.625	0	photic stimulation	5	155925
779.75	0	photic stimulation	5	155950
779.875	0	photic stimulation	5	155975
780	0	photic stimulation	5	156000
780.125	0	photic stimulation	5	156025
780.25	0	photic stimulation	5	156050
780.375	0	photic stimulation	5	156075
780.5	0	photic stimulation	5	156100
780.625	0	photic stimulation	5	156125
780.75	0	photic stimulation	5	156150
780.875	0	photic stimulation	5	156175
781	0	photic stimulation	5	156200
781.125	0	photic stimulation	5	156225
781.25	0	photic stimulation	5	156250
781.375	0	photic stimulation	5	156275
781.5	0	photic stimulation	5	156300
781.625	0	photic stimulation	5	156325
781.75	0	photic stimulation	5	156350
781.875	0	photic stimulation	5	156375
782	0	photic stimulation	5	156400
782.125	0	photic stimulation	5	156425
782.25	0	photic stimulation	5	156450
782.375	0	photic stimulation	5	156475
782.5	0	photic stimulation	5	156500
782.625	0	photic stimulation	5	156525
787.74	0	photic stimulation	5	157548
787.85	0	photic stimulation	5	157570
787.96	0	photic stimulation	5	157592
788.07	0	photic stimulation	5	157614
788.185	0	photic stimulation	5	157637
788.295	0	photic stimulation	5	157659
788.405	0	photic stimulation	5	157681
788.515	0	photic stimulation	5	157703
788.625	0	photic stimulation	5	157725
788.74	0	photic stimulation	5	157748
788.85	0	photic stimulation	5	157770
788.96	0	photic stimulation	5	157792
789.07	0	photic stimulation	5	157814
789.185	0	photic stimulation	5	157837
789.295	0	photic stimulation	5	157859
789.405	0	photic stimulation	5	157881
789.515	0	photic stimulation	5	157903
789.625	0	photic stimulation	5	157925
789.74	0	photic stimulation	5	157948
789.85	0	photic stimulation	5	157970
789.96	0	photic stimulation	5	157992
790.07	0	photic stimulation	5	158014
790.185	0	photic stimulation	5	158037
790.295	0	photic stimulation	5	158059
790.405	0	photic stimulation	5	158081
790.515	0	photic stimulation	5	158103
790.625	0	photic stimulation	5	158125
790.74	0	photic stimulation	5	158148
790.85	0	photic stimulation	5	158170
790.96	0	photic stimulation	5	158192
791.07	0	photic stimulation	5	158214
791.185	0	photic stimulation	5	158237
791.295	0	photic stimulation	5	158259
791.405	0	photic stimulation	5	158281
791.515	0	photic stimulation	5	158303
791.625	0	photic stimulation	5	158325
791.74	0	photic stimulation	5	158348
791.85	0	photic stimulation	5	158370
791.96	0	photic stimulation	5	158392
792.07	0	photic stimulation	5	158414
792.185	0	photic stimulation	5	158437
792.295	0	photic stimulation	5	158459
792.405	0	photic stimulation	5	158481
792.515	0	photic stimulation	5	158503
792.625	0	photic stimulation	5	158525
792.74	0	photic stimulation	5	158548
792.85	0	photic stimulation	5	158570
792.96	0	photic stimulation	5	158592
793.07	0	photic stimulation	5	158614
793.185	0	photic stimulation	5	158637
793.295	0	photic stimulation	5	158659
793.405	0	photic stimulation	5	158681
793.515	0	photic stimulation	5	158703
793.625	0	photic stimulation	5	158725
793.74	0	photic stimulation	5	158748
793.85	0	photic stimulation	5	158770
793.96	0	photic stimulation	5	158792
794.07	0	photic stimulation	5	158814
794.185	0	photic stimulation	5	158837
794.295	0	photic stimulation	5	158859
794.405	0	photic stimulation	5	158881
794.515	0	photic stimulation	5	158903
794.625	0	photic stimulation	5	158925
794.74	0	photic stimulation	5	158948
794.85	0	photic stimulation	5	158970
794.96	0	photic stimulation	5	158992
795.07	0	photic stimulation	5	159014
795.185	0	photic stimulation	5	159037
795.295	0	photic stimulation	5	159059
795.405	0	photic stimulation	5	159081
795.515	0	photic stimulation	5	159103
795.625	0	photic stimulation	5	159125
795.74	0	photic stimulation	5	159148
795.85	0	photic stimulation	5	159170
795.96	0	photic stimulation	5	159192
796.07	0	photic stimulation	5	159214
796.185	0	photic stimulation	5	159237
796.295	0	photic stimulation	5	159259
796.405	0	photic stimulation	5	159281
796.515	0	photic stimulation	5	159303
796.625	0	photic stimulation	5	159325
796.74	0	photic stimulation	5	159348
796.85	0	photic stimulation	5	159370
796.96	0	photic stimulation	5	159392
797.07	0	photic stimulation	5	159414
797.185	0	photic stimulation	5	159437
797.295	0	photic stimulation	5	159459
797.405	0	photic stimulation	5	159481
797.515	0	photic stimulation	5	159503
797.625	0	photic stimulation	5	159525
802.725	0	photic stimulation	5	160545
802.825	0	photic stimulation	5	160565
802.925	0	photic stimulation	5	160585
803.025	0	photic stimulation	5	160605
803.125	0	photic stimulation	5	160625
803.225	0	photic stimulation	5	160645
803.325	0	photic stimulation	5	160665
803.425	0	photic stimulation	5	160685
803.525	0	photic stimulation	5	160705
803.625	0	photic stimulation	5	160725
803.725	0	photic stimulation	5	160745
803.825	0	photic stimulation	5	160765
803.925	0	photic stimulation	5	160785
804.025	0	photic stimulation	5	160805
804.125	0	photic stimulation	5	160825
804.225	0	photic stimulation	5	160845
804.325	0	photic stimulation	5	160865
804.425	0	photic stimulation	5	160885
804.525	0	photic stimulation	5	160905
804.625	0	photic stimulation	5	160925
804.725	0	photic stimulation	5	160945
804.825	0	photic stimulation	5	160965
804.925	0	photic stimulation	5	160985
805.025	0	photic stimulation	5	161005
805.125	0	photic stimulation	5	161025
805.225	0	photic stimulation	5	161045
805.325	0	photic stimulation	5	161065
805.425	0	photic stimulation	5	161085
805.525	0	photic stimulation	5	161105
805.625	0	photic stimulation	5	161125
805.725	0	photic stimulation	5	161145
805.825	0	photic stimulation	5	161165
805.925	0	photic stimulation	5	161185
806.025	0	photic stimulation	5	161205
806.125	0	photic stimulation	5	161225
806.225	0	photic stimulation	5	161245
806.325	0	photic stimulation	5	161265
806.425	0	photic stimulation	5	161285
806.525	0	photic stimulation	5	161305
806.625	0	photic stimulation	5	161325
806.725	0	photic stimulation	5	161345
806.825	0	photic stimulation	5	161365
806.925	0	photic stimulation	5	161385
807.025	0	photic stimulation	5	161405
807.125	0	photic stimulation	5	161425
807.225	0	photic stimulation	5	161445
807.325	0	photic stimulation	5	161465
807.425	0	photic stimulation	5	161485
807.525	0	photic stimulation	5	161505
807.625	0	photic stimulation	5	161525
807.725	0	photic stimulation	5	161545
807.825	0	photic stimulation	5	161565
807.925	0	photic stimulation	5	161585
808.025	0	photic stimulation	5	161605
808.125	0	photic stimulation	5	161625
808.225	0	photic stimulation	5	161645
808.325	0	photic stimulation	5	161665
808.425	0	photic stimulation	5	161685
808.525	0	photic stimulation	5	161705
808.625	0	photic stimulation	5	161725
808.725	0	photic stimulation	5	161745
808.825	0	photic stimulation	5	161765
808.925	0	photic stimulation	5	161785
809.025	0	photic stimulation	5	161805
809.125	0	photic stimulation	5	161825
809.225	0	photic stimulation	5	161845
809.325	0	photic stimulation	5	161865
809.425	0	photic stimulation	5	161885
809.525	0	photic stimulation	5	161905
809.625	0	photic stimulation	5	161925
809.725	0	photic stimulation	5	161945
809.825	0	photic stimulation	5	161965
809.925	0	photic stimulation	5	161985
810.025	0	photic stimulation	5	162005
810.125	0	photic stimulation	5	162025
810.225	0	photic stimulation	5	162045
810.325	0	photic stimulation	5	162065
810.425	0	photic stimulation	5	162085
810.525	0	photic stimulation	5	162105
810.625	0	photic stimulation	5	162125
810.725	0	photic stimulation	5	162145
810.825	0	photic stimulation	5	162165
810.925	0	photic stimulation	5	162185
811.025	0	photic stimulation	5	162205
811.125	0	photic stimulation	5	162225
811.225	0	photic stimulation	5	162245
811.325	0	photic stimulation	5	162265
811.425	0	photic stimulation	5	162285
811.525	0	photic stimulation	5	162305
811.625	0	photic stimulation	5	162325
811.725	0	photic stimulation	5	162345
811.825	0	photic stimulation	5	162365
811.925	0	photic stimulation	5	162385
812.025	0	photic stimulation	5	162405
812.125	0	photic stimulation	5	162425
812.225	0	photic stimulation	5	162445
812.325	0	photic stimulation	5	162465
812.425	0	photic stimulation	5	162485
812.525	0	photic stimulation	5	162505
812.625	0	photic stimulation	5	162525
817.72	0	photic stimulation	5	163544
817.81	0	photic stimulation	5	163562
817.9	0	photic stimulation	5	163580
817.99	0	photic stimulation	5	163598
818.08	0	photic stimulation	5	163616
818.17	0	photic stimulation	5	163634
818.265	0	photic stimulation	5	163653
818.355	0	photic stimulation	5	163671
818.445	0	photic stimulation	5	163689
818.535	0	photic stimulation	5	163707
818.625	0	photic stimulation	5	163725
818.715	0	photic stimulation	5	163743
818.81	0	photic stimulation	5	163762
818.9	0	photic stimulation	5	163780
818.99	0	photic stimulation	5	163798
819.08	0	photic stimulation	5	163816
819.17	0	photic stimulation	5	163834
819.26	0	photic stimulation	5	163852
819.355	0	photic stimulation	5	163871
819.445	0	photic stimulation	5	163889
819.535	0	photic stimulation	5	163907
819.625	0	photic stimulation	5	163925
819.715	0	photic stimulation	5	163943
819.805	0	photic stimulation	5	163961
819.9	0	photic stimulation	5	163980
819.99	0	photic stimulation	5	163998
820.08	0	photic stimulation	5	164016
820.17	0	photic stimulation	5	164034
820.26	0	photic stimulation	5	164052
820.35	0	photic stimulation	5	164070
820.445	0	photic stimulation	5	164089
820.535	0	photic stimulation	5	164107
820.625	0	photic stimulation	5	164125
820.715	0	photic stimulation	5	164143
820.805	0	photic stimulation	5	164161
820.895	0	photic stimulation	5	164179
820.99	0	photic stimulation	5	164198
821.08	0	photic stimulation	5	164216
821.17	0	photic stimulation	5	164234
821.26	0	photic stimulation	5	164252
821.35	0	photic stimulation	5	164270
821.44	0	photic stimulation	5	164288
821.535	0	photic stimulation	5	164307
821.625	0	photic stimulation	5	164325
821.715	0	photic stimulation	5	164343
821.805	0	photic stimulation	5	164361
821.895	0	photic stimulation	5	164379
821.985	0	photic stimulation	5	164397
822.08	0	photic stimulation	5	164416
822.17	0	photic stimulation	5	164434
822.26	0	photic stimulation	5	164452
822.35	0	photic stimulation	5	164470
822.44	0	photic stimulation	5	164488
822.53	0	photic stimulation	5	164506
822.625	0	photic stimulation	5	164525
822.715	0	photic stimulation	5	164543
822.805	0	photic stimulation	5	164561
822.895	0	photic stimulation	5	164579
822.985	0	photic stimulation	5	164597
823.075	0	photic stimulation	5	164615
823.17	0	photic stimulation	5	164634
823.26	0	photic stimulation	5	164652
823.35	0	photic stimulation	5	164670
823.44	0	photic stimulation	5	164688
823.53	0	photic stimulation	5	164706
823.62	0	photic stimulation	5	164724
823.715	0	photic stimulation	5	164743
823.805	0	photic stimulation	5	164761
823.895	0	photic stimulation	5	164779
823.985	0	photic stimulation	5	164797
824.075	0	photic stimulation	5	164815
824.165	0	photic stimulation	5	164833
824.26	0	photic stimulation	5	164852
824.35	0	photic stimulation	5	164870
824.44	0	photic stimulation	5	164888
824.53	0	photic stimulation	5	164906
824.62	0	photic stimulation	5	164924
824.71	0	photic stimulation	5	164942
824.805	0	photic stimulation	5	164961
824.895	0	photic stimulation	5	164979
824.985	0	photic stimulation	5	164997
825.075	0	photic stimulation	5	165015
825.165	0	photic stimulation	5	165033
825.255	0	photic stimulation	5	165051
825.35	0	photic stimulation	5	165070
825.44	0	photic stimulation	5	165088
825.53	0	photic stimulation	5	165106
825.62	0	photic stimulation	5	165124
825.71	0	photic stimulation	5	165142
825.8	0	photic stimulation	5	165160
825.895	0	photic stimulation	5	165179
825.985	0	photic stimulation	5	165197
826.075	0	photic stimulation	5	165215
826.165	0	photic stimulation	5	165233
826.255	0	photic stimulation	5	165251
826.345	0	photic stimulation	5	165269
826.44	0	photic stimulation	5	165288
826.53	0	photic stimulation	5	165306
826.62	0	photic stimulation	5	165324
826.71	0	photic stimulation	5	165342
826.8	0	photic stimulation	5	165360
826.89	0	photic stimulation	5	165378
826.985	0	photic stimulation	5	165397
827.075	0	photic stimulation	5	165415
827.165	0	photic stimulation	5	165433
827.255	0	photic stimulation	5	165451
827.345	0	photic stimulation	5	165469
827.435	0	photic stimulation	5	165487
827.53	0	photic stimulation	5	165506
827.62	0	photic stimulation	5	165524
827.625	0	photic stimulation	5	165525
832.71	0	photic stimulation	5	166542
832.795	0	photic stimulation	5	166559
832.875	0	photic stimulation	5	166575
832.96	0	photic stimulation	5	166592
833.045	0	photic stimulation	5	166609
833.125	0	photic stimulation	5	166625
833.21	0	photic stimulation	5	166642
833.295	0	photic stimulation	5	166659
833.375	0	photic stimulation	5	166675
833.46	0	photic stimulation	5	166692
833.545	0	photic stimulation	5	166709
833.625	0	photic stimulation	5	166725
833.71	0	photic stimulation	5	166742
833.795	0	photic stimulation	5	166759
833.875	0	photic stimulation	5	166775
833.96	0	photic stimulation	5	166792
834.045	0	photic stimulation	5	166809
834.125	0	photic stimulation	5	166825
834.21	0	photic stimulation	5	166842
834.295	0	photic stimulation	5	166859
834.375	0	photic stimulation	5	166875
834.46	0	photic stimulation	5	166892
834.545	0	photic stimulation	5	166909
834.625	0	photic stimulation	5	166925
834.71	0	photic stimulation	5	166942
834.795	0	photic stimulation	5	166959
834.875	0	photic stimulation	5	166975
834.96	0	photic stimulation	5	166992
835.045	0	photic stimulation	5	167009
835.125	0	photic stimulation	5	167025
835.21	0	photic stimulation	5	167042
835.295	0	photic stimulation	5	167059
835.375	0	photic stimulation	5	167075
835.46	0	photic stimulation	5	167092
835.545	0	photic stimulation	5	167109
835.625	0	photic stimulation	5	167125
835.71	0	photic stimulation	5	167142
835.795	0	photic stimulation	5	167159
835.875	0	photic stimulation	5	167175
835.96	0	photic stimulation	5	167192
836.045	0	photic stimulation	5	167209
836.125	0	photic stimulation	5	167225
836.21	0	photic stimulation	5	167242
836.295	0	photic stimulation	5	167259
836.375	0	photic stimulation	5	167275
836.46	0	photic stimulation	5	167292
836.545	0	photic stimulation	5	167309
836.625	0	photic stimulation	5	167325
836.71	0	photic stimulation	5	167342
836.795	0	photic stimulation	5	167359
836.875	0	photic stimulation	5	167375
836.96	0	photic stimulation	5	167392
837.045	0	photic stimulation	5	167409
837.125	0	photic stimulation	5	167425
837.21	0	photic stimulation	5	167442
837.295	0	photic stimulation	5	167459
837.375	0	photic stimulation	5	167475
837.46	0	photic stimulation	5	167492
837.545	0	photic stimulation	5	167509
837.625	0	photic stimulation	5	167525
837.71	0	photic stimulation	5	167542
837.795	0	photic stimulation	5	167559
837.875	0	photic stimulation	5	167575
837.96	0	photic stimulation	5	167592
838.045	0	photic stimulation	5	167609
838.125	0	photic stimulation	5	167625
838.21	0	photic stimulation	5	167642
838.295	0	photic stimulation	5	167659
838.375	0	photic stimulation	5	167675
838.46	0	photic stimulation	5	167692
838.545	0	photic stimulation	5	167709
838.625	0	photic stimulation	5	167725
838.71	0	photic stimulation	5	167742
838.795	0	photic stimulation	5	167759
838.875	0	photic stimulation	5	167775
838.96	0	photic stimulation	5	167792
839.045	0	photic stimulation	5	167809
839.125	0	photic stimulation	5	167825
839.21	0	photic stimulation	5	167842
839.295	0	photic stimulation	5	167859
839.375	0	photic stimulation	5	167875
839.46	0	photic stimulation	5	167892
839.545	0	photic stimulation	5	167909
839.625	0	photic stimulation	5	167925
839.71	0	photic stimulation	5	167942
839.795	0	photic stimulation	5	167959
839.875	0	photic stimulation	5	167975
839.96	0	photic stimulation	5	167992
840.045	0	photic stimulation	5	168009
840.125	0	photic stimulation	5	168025
840.21	0	photic stimulation	5	168042
840.295	0	photic stimulation	5	168059
840.375	0	photic stimulation	5	168075
840.46	0	photic stimulation	5	168092
840.545	0	photic stimulation	5	168109
840.625	0	photic stimulation	5	168125
840.71	0	photic stimulation	5	168142
840.795	0	photic stimulation	5	168159
840.875	0	photic stimulation	5	168175
840.96	0	photic stimulation	5	168192
841.045	0	photic stimulation	5	168209
841.125	0	photic stimulation	5	168225
841.21	0	photic stimulation	5	168242
841.295	0	photic stimulation	5	168259
841.375	0	photic stimulation	5	168275
841.46	0	photic stimulation	5	168292
841.545	0	photic stimulation	5	168309
841.625	0	photic stimulation	5	168325
841.71	0	photic stimulation	5	168342
841.795	0	photic stimulation	5	168359
841.875	0	photic stimulation	5	168375
841.96	0	photic stimulation	5	168392
842.045	0	photic stimulation	5	168409
842.125	0	photic stimulation	5	168425
842.21	0	photic stimulation	5	168442
842.295	0	photic stimulation	5	168459
842.375	0	photic stimulation	5	168475
842.46	0	photic stimulation	5	168492
842.545	0	photic stimulation	5	168509
842.625	0	photic stimulation	5	168525
847.705	0	photic stimulation	5	169541
847.78	0	photic stimulation	5	169556
847.86	0	photic stimulation	5	169572
847.935	0	photic stimulation	5	169587
848.01	0	photic stimulation	5	169602
848.09	0	photic stimulation	5	169618
848.165	0	photic stimulation	5	169633
848.245	0	photic stimulation	5	169649
848.32	0	photic stimulation	5	169664
848.395	0	photic stimulation	5	169679
848.475	0	photic stimulation	5	169695
848.55	0	photic stimulation	5	169710
848.63	0	photic stimulation	5	169726
848.705	0	photic stimulation	5	169741
848.78	0	photic stimulation	5	169756
848.86	0	photic stimulation	5	169772
848.935	0	photic stimulation	5	169787
849.01	0	photic stimulation	5	169802
849.09	0	photic stimulation	5	169818
849.165	0	photic stimulation	5	169833
849.245	0	photic stimulation	5	169849
849.32	0	photic stimulation	5	169864
849.395	0	photic stimulation	5	169879
849.475	0	photic stimulation	5	169895
849.55	0	photic stimulation	5	169910
849.63	0	photic stimulation	5	169926
849.705	0	photic stimulation	5	169941
849.78	0	photic stimulation	5	169956
849.86	0	photic stimulation	5	169972
849.935	0	photic stimulation	5	169987
850.015	0	photic stimulation	5	170003
850.09	0	photic stimulation	5	170018
850.165	0	photic stimulation	5	170033
850.245	0	photic stimulation	5	170049
850.32	0	photic stimulation	5	170064
850.395	0	photic stimulation	5	170079
850.475	0	photic stimulation	5	170095
850.55	0	photic stimulation	5	170110
850.63	0	photic stimulation	5	170126
850.705	0	photic stimulation	5	170141
850.78	0	photic stimulation	5	170156
850.86	0	photic stimulation	5	170172
850.935	0	photic stimulation	5	170187
851.015	0	photic stimulation	5	170203
851.09	0	photic stimulation	5	170218
851.165	0	photic stimulation	5	170233
851.245	0	photic stimulation	5	170249
851.32	0	photic stimulation	5	170264
851.4	0	photic stimulation	5	170280
851.475	0	photic stimulation	5	170295
851.55	0	photic stimulation	5	170310
851.63	0	photic stimulation	5	170326
851.705	0	photic stimulation	5	170341
851.78	0	photic stimulation	5	170356
851.86	0	photic stimulation	5	170372
851.935	0	photic stimulation	5	170387
852.015	0	photic stimulation	5	170403
852.09	0	photic stimulation	5	170418
852.165	0	photic stimulation	5	170433
852.245	0	photic stimulation	5	170449
852.32	0	photic stimulation	5	170464
852.4	0	photic stimulation	5	170480
852.475	0	photic stimulation	5	170495
852.55	0	photic stimulation	5	170510
852.63	0	photic stimulation	5	170526
852.705	0	photic stimulation	5	170541
852.785	0	photic stimulation	5	170557
852.86	0	photic stimulation	5	170572
852.935	0	photic stimulation	5	170587
853.015	0	photic stimulation	5	170603
853.09	0	photic stimulation	5	170618
853.165	0	photic stimulation	5	170633
853.245	0	photic stimulation	5	170649
853.32	0	photic stimulation	5	170664
853.4	0	photic stimulation	5	170680
853.475	0	photic stimulation	5	170695
853.55	0	photic stimulation	5	170710
853.63	0	photic stimulation	5	170726
853.705	0	photic stimulation	5	170741
853.785	0	photic stimulation	5	170757
853.86	0	photic stimulation	5	170772
853.935	0	photic stimulation	5	170787
854.015	0	photic stimulation	5	170803
854.09	0	photic stimulation	5	170818
854.17	0	photic stimulation	5	170834
854.245	0	photic stimulation	5	170849
854.32	0	photic stimulation	5	170864
854.4	0	photic stimulation	5	170880
854.475	0	photic stimulation	5	170895
854.55	0	photic stimulation	5	170910
854.63	0	photic stimulation	5	170926
854.705	0	photic stimulation	5	170941
854.785	0	photic stimulation	5	170957
854.86	0	photic stimulation	5	170972
854.935	0	photic stimulation	5	170987
855.015	0	photic stimulation	5	171003
855.09	0	photic stimulation	5	171018
855.17	0	photic stimulation	5	171034
855.245	0	photic stimulation	5	171049
855.32	0	photic stimulation	5	171064
855.4	0	photic stimulation	5	171080
855.475	0	photic stimulation	5	171095
855.555	0	photic stimulation	5	171111
855.63	0	photic stimulation	5	171126
855.705	0	photic stimulation	5	171141
855.785	0	photic stimulation	5	171157
855.86	0	photic stimulation	5	171172
855.935	0	photic stimulation	5	171187
856.015	0	photic stimulation	5	171203
856.09	0	photic stimulation	5	171218
856.17	0	photic stimulation	5	171234
856.245	0	photic stimulation	5	171249
856.32	0	photic stimulation	5	171264
856.4	0	photic stimulation	5	171280
856.475	0	photic stimulation	5	171295
856.555	0	photic stimulation	5	171311
856.63	0	photic stimulation	5	171326
856.705	0	photic stimulation	5	171341
856.785	0	photic stimulation	5	171357
856.86	0	photic stimulation	5	171372
856.94	0	photic stimulation	5	171388
857.015	0	photic stimulation	5	171403
857.09	0	photic stimulation	5	171418
857.17	0	photic stimulation	5	171434
857.245	0	photic stimulation	5	171449
857.32	0	photic stimulation	5	171464
857.4	0	photic stimulation	5	171480
857.475	0	photic stimulation	5	171495
857.555	0	photic stimulation	5	171511
857.625	0	photic stimulation	5	171525
862.7	0	photic stimulation	5	172540
862.77	0	photic stimulation	5	172554
862.84	0	photic stimulation	5	172568
862.915	0	photic stimulation	5	172583
862.985	0	photic stimulation	5	172597
863.055	0	photic stimulation	5	172611
863.125	0	photic stimulation	5	172625
863.2	0	photic stimulation	5	172640
863.27	0	photic stimulation	5	172654
863.34	0	photic stimulation	5	172668
863.415	0	photic stimulation	5	172683
863.485	0	photic stimulation	5	172697
863.555	0	photic stimulation	5	172711
863.625	0	photic stimulation	5	172725
863.7	0	photic stimulation	5	172740
863.77	0	photic stimulation	5	172754
863.84	0	photic stimulation	5	172768
863.91	0	photic stimulation	5	172782
863.985	0	photic stimulation	5	172797
864.055	0	photic stimulation	5	172811
864.125	0	photic stimulation	5	172825
864.2	0	photic stimulation	5	172840
864.27	0	photic stimulation	5	172854
864.34	0	photic stimulation	5	172868
864.41	0	photic stimulation	5	172882
864.485	0	photic stimulation	5	172897
864.555	0	photic stimulation	5	172911
864.625	0	photic stimulation	5	172925
864.7	0	photic stimulation	5	172940
864.77	0	photic stimulation	5	172954
864.84	0	photic stimulation	5	172968
864.91	0	photic stimulation	5	172982
864.985	0	photic stimulation	5	172997
865.055	0	photic stimulation	5	173011
865.125	0	photic stimulation	5	173025
865.195	0	photic stimulation	5	173039
865.27	0	photic stimulation	5	173054
865.34	0	photic stimulation	5	173068
865.41	0	photic stimulation	5	173082
865.485	0	photic stimulation	5	173097
865.555	0	photic stimulation	5	173111
865.625	0	photic stimulation	5	173125
865.695	0	photic stimulation	5	173139
865.77	0	photic stimulation	5	173154
865.84	0	photic stimulation	5	173168
865.91	0	photic stimulation	5	173182
865.985	0	photic stimulation	5	173197
866.055	0	photic stimulation	5	173211
866.125	0	photic stimulation	5	173225
866.195	0	photic stimulation	5	173239
866.27	0	photic stimulation	5	173254
866.34	0	photic stimulation	5	173268
866.41	0	photic stimulation	5	173282
866.48	0	photic stimulation	5	173296
866.555	0	photic stimulation	5	173311
866.625	0	photic stimulation	5	173325
866.695	0	photic stimulation	5	173339
866.77	0	photic stimulation	5	173354
866.84	0	photic stimulation	5	173368
866.91	0	photic stimulation	5	173382
866.98	0	photic stimulation	5	173396
867.055	0	photic stimulation	5	173411
867.125	0	photic stimulation	5	173425
867.195	0	photic stimulation	5	173439
867.27	0	photic stimulation	5	173454
867.34	0	photic stimulation	5	173468
867.41	0	photic stimulation	5	173482
867.48	0	photic stimulation	5	173496
867.555	0	photic stimulation	5	173511
867.625	0	photic stimulation	5	173525
867.695	0	photic stimulation	5	173539
867.765	0	photic stimulation	5	173553
867.84	0	photic stimulation	5	173568
867.91	0	photic stimulation	5	173582
867.98	0	photic stimulation	5	173596
868.055	0	photic stimulation	5	173611
868.125	0	photic stimulation	5	173625
868.195	0	photic stimulation	5	173639
868.265	0	photic stimulation	5	173653
868.34	0	photic stimulation	5	173668
868.41	0	photic stimulation	5	173682
868.48	0	photic stimulation	5	173696
868.555	0	photic stimulation	5	173711
868.625	0	photic stimulation	5	173725
868.695	0	photic stimulation	5	173739
868.765	0	photic stimulation	5	173753
868.84	0	photic stimulation	5	173768
868.91	0	photic stimulation	5	173782
868.98	0	photic stimulation	5	173796
869.05	0	photic stimulation	5	173810
869.125	0	photic stimulation	5	173825
869.195	0	photic stimulation	5	173839
869.265	0	photic stimulation	5	173853
869.34	0	photic stimulation	5	173868
869.41	0	photic stimulation	5	173882
869.48	0	photic stimulation	5	173896
869.55	0	photic stimulation	5	173910
869.625	0	photic stimulation	5	173925
869.695	0	photic stimulation	5	173939
869.765	0	photic stimulation	5	173953
869.84	0	photic stimulation	5	173968
869.91	0	photic stimulation	5	173982
869.98	0	photic stimulation	5	173996
870.05	0	photic stimulation	5	174010
870.125	0	photic stimulation	5	174025
870.195	0	photic stimulation	5	174039
870.265	0	photic stimulation	5	174053
870.335	0	photic stimulation	5	174067
870.41	0	photic stimulation	5	174082
870.48	0	photic stimulation	5	174096
870.55	0	photic stimulation	5	174110
870.625	0	photic stimulation	5	174125
870.695	0	photic stimulation	5	174139
870.765	0	photic stimulation	5	174153
870.835	0	photic stimulation	5	174167
870.91	0	photic stimulation	5	174182
870.98	0	photic stimulation	5	174196
871.05	0	photic stimulation	5	174210
871.125	0	photic stimulation	5	174225
871.195	0	photic stimulation	5	174239
871.265	0	photic stimulation	5	174253
871.335	0	photic stimulation	5	174267
871.41	0	photic stimulation	5	174282
871.48	0	photic stimulation	5	174296
871.55	0	photic stimulation	5	174310
871.62	0	photic stimulation	5	174324
871.695	0	photic stimulation	5	174339
871.765	0	photic stimulation	5	174353
871.835	0	photic stimulation	5	174367
871.91	0	photic stimulation	5	174382
871.98	0	photic stimulation	5	174396
872.05	0	photic stimulation	5	174410
872.12	0	photic stimulation	5	174424
872.195	0	photic stimulation	5	174439
872.265	0	photic stimulation	5	174453
872.335	0	photic stimulation	5	174467
872.41	0	photic stimulation	5	174482
872.48	0	photic stimulation	5	174496
872.55	0	photic stimulation	5	174510
872.62	0	photic stimulation	5	174524
872.625	0	photic stimulation	5	174525
877.695	0	photic stimulation	5	175539
877.76	0	photic stimulation	5	175552
877.825	0	photic stimulation	5	175565
877.895	0	photic stimulation	5	175579
877.96	0	photic stimulation	5	175592
878.025	0	photic stimulation	5	175605
878.095	0	photic stimulation	5	175619
878.16	0	photic stimulation	5	175632
878.225	0	photic stimulation	5	175645
878.295	0	photic stimulation	5	175659
878.36	0	photic stimulation	5	175672
878.425	0	photic stimulation	5	175685
878.495	0	photic stimulation	5	175699
878.56	0	photic stimulation	5	175712
878.625	0	photic stimulation	5	175725
878.695	0	photic stimulation	5	175739
878.76	0	photic stimulation	5	175752
878.825	0	photic stimulation	5	175765
878.895	0	photic stimulation	5	175779
878.96	0	photic stimulation	5	175792
879.025	0	photic stimulation	5	175805
879.095	0	photic stimulation	5	175819
879.16	0	photic stimulation	5	175832
879.225	0	photic stimulation	5	175845
879.295	0	photic stimulation	5	175859
879.36	0	photic stimulation	5	175872
879.425	0	photic stimulation	5	175885
879.495	0	photic stimulation	5	175899
879.56	0	photic stimulation	5	175912
879.625	0	photic stimulation	5	175925
879.695	0	photic stimulation	5	175939
879.76	0	photic stimulation	5	175952
879.825	0	photic stimulation	5	175965
879.895	0	photic stimulation	5	175979
879.96	0	photic stimulation	5	175992
880.025	0	photic stimulation	5	176005
880.095	0	photic stimulation	5	176019
880.16	0	photic stimulation	5	176032
880.225	0	photic stimulation	5	176045
880.295	0	photic stimulation	5	176059
880.36	0	photic stimulation	5	176072
880.425	0	photic stimulation	5	176085
880.495	0	photic stimulation	5	176099
880.56	0	photic stimulation	5	176112
880.625	0	photic stimulation	5	176125
880.695	0	photic stimulation	5	176139
880.76	0	photic stimulation	5	176152
880.825	0	photic stimulation	5	176165
880.895	0	photic stimulation	5	176179
880.96	0	photic stimulation	5	176192
881.025	0	photic stimulation	5	176205
881.095	0	photic stimulation	5	176219
881.16	0	photic stimulation	5	176232
881.225	0	photic stimulation	5	176245
881.295	0	photic stimulation	5	176259
881.36	0	photic stimulation	5	176272
881.425	0	photic stimulation	5	176285
881.495	0	photic stimulation	5	176299
881.56	0	photic stimulation	5	176312
881.625	0	photic stimulation	5	176325
881.695	0	photic stimulation	5	176339
881.76	0	photic stimulation	5	176352
881.825	0	photic stimulation	5	176365
881.895	0	photic stimulation	5	176379
881.96	0	photic stimulation	5	176392
882.025	0	photic stimulation	5	176405
882.095	0	photic stimulation	5	176419
882.16	0	photic stimulation	5	176432
882.225	0	photic stimulation	5	176445
882.295	0	photic stimulation	5	176459
882.36	0	photic stimulation	5	176472
882.425	0	photic stimulation	5	176485
882.495	0	photic stimulation	5	176499
882.56	0	photic stimulation	5	176512
882.625	0	photic stimulation	5	176525
882.695	0	photic stimulation	5	176539
882.76	0	photic stimulation	5	176552
882.825	0	photic stimulation	5	176565
882.895	0	photic stimulation	5	176579
882.96	0	photic stimulation	5	176592
883.025	0	photic stimulation	5	176605
883.095	0	photic stimulation	5	176619
883.16	0	photic stimulation	5	176632
883.225	0	photic stimulation	5	176645
883.295	0	photic stimulation	5	176659
883.36	0	photic stimulation	5	176672
883.425	0	photic stimulation	5	176685
883.495	0	photic stimulation	5	176699
883.56	0	photic stimulation	5	176712
883.625	0	photic stimulation	5	176725
883.695	0	photic stimulation	5	176739
883.76	0	photic stimulation	5	176752
883.825	0	photic stimulation	5	176765
883.895	0	photic stimulation	5	176779
883.96	0	photic stimulation	5	176792
884.025	0	photic stimulation	5	176805
884.095	0	photic stimulation	5	176819
884.16	0	photic stimulation	5	176832
884.225	0	photic stimulation	5	176845
884.295	0	photic stimulation	5	176859
884.36	0	photic stimulation	5	176872
884.425	0	photic stimulation	5	176885
884.495	0	photic stimulation	5	176899
884.56	0	photic stimulation	5	176912
884.625	0	photic stimulation	5	176925
884.695	0	photic stimulation	5	176939
884.76	0	photic stimulation	5	176952
884.825	0	photic stimulation	5	176965
884.895	0	photic stimulation	5	176979
884.96	0	photic stimulation	5	176992
885.025	0	photic stimulation	5	177005
885.095	0	photic stimulation	5	177019
885.16	0	photic stimulation	5	177032
885.225	0	photic stimulation	5	177045
885.295	0	photic stimulation	5	177059
885.36	0	photic stimulation	5	177072
885.425	0	photic stimulation	5	177085
885.495	0	photic stimulation	5	177099
885.56	0	photic stimulation	5	177112
885.625	0	photic stimulation	5	177125
885.695	0	photic stimulation	5	177139
885.76	0	photic stimulation	5	177152
885.825	0	photic stimulation	5	177165
885.895	0	photic stimulation	5	177179
885.96	0	photic stimulation	5	177192
886.025	0	photic stimulation	5	177205
886.095	0	photic stimulation	5	177219
886.16	0	photic stimulation	5	177232
886.225	0	photic stimulation	5	177245
886.295	0	photic stimulation	5	177259
886.36	0	photic stimulation	5	177272
886.425	0	photic stimulation	5	177285
886.495	0	photic stimulation	5	177299
886.56	0	photic stimulation	5	177312
886.625	0	photic stimulation	5	177325
886.695	0	photic stimulation	5	177339
886.76	0	photic stimulation	5	177352
886.825	0	photic stimulation	5	177365
886.895	0	photic stimulation	5	177379
886.96	0	photic stimulation	5	177392
887.025	0	photic stimulation	5	177405
887.095	0	photic stimulation	5	177419
887.16	0	photic stimulation	5	177432
887.225	0	photic stimulation	5	177445
887.295	0	photic stimulation	5	177459
887.36	0	photic stimulation	5	177472
887.425	0	photic stimulation	5	177485
887.495	0	photic stimulation	5	177499
887.56	0	photic stimulation	5	177512
887.625	0	photic stimulation	5	177525
892.685	0	photic stimulation	5	178537
892.745	0	photic stimulation	5	178549
892.805	0	photic stimulation	5	178561
892.865	0	photic stimulation	5	178573
892.92	0	photic stimulation	5	178584
892.98	0	photic stimulation	5	178596
893.04	0	photic stimulation	5	178608
893.1	0	photic stimulation	5	178620
893.155	0	photic stimulation	5	178631
893.215	0	photic stimulation	5	178643
893.275	0	photic stimulation	5	178655
893.335	0	photic stimulation	5	178667
893.395	0	photic stimulation	5	178679
893.45	0	photic stimulation	5	178690
893.51	0	photic stimulation	5	178702
893.57	0	photic stimulation	5	178714
893.63	0	photic stimulation	5	178726
893.685	0	photic stimulation	5	178737
893.745	0	photic stimulation	5	178749
893.805	0	photic stimulation	5	178761
893.865	0	photic stimulation	5	178773
893.925	0	photic stimulation	5	178785
893.98	0	photic stimulation	5	178796
894.04	0	photic stimulation	5	178808
894.1	0	photic stimulation	5	178820
894.16	0	photic stimulation	5	178832
894.215	0	photic stimulation	5	178843
894.275	0	photic stimulation	5	178855
894.335	0	photic stimulation	5	178867
894.395	0	photic stimulation	5	178879
894.455	0	photic stimulation	5	178891
894.51	0	photic stimulation	5	178902
894.57	0	photic stimulation	5	178914
894.63	0	photic stimulation	5	178926
894.69	0	photic stimulation	5	178938
894.745	0	photic stimulation	5	178949
894.805	0	photic stimulation	5	178961
894.865	0	photic stimulation	5	178973
894.925	0	photic stimulation	5	178985
894.985	0	photic stimulation	5	178997
895.04	0	photic stimulation	5	179008
895.1	0	photic stimulation	5	179020
895.16	0	photic stimulation	5	179032
895.22	0	photic stimulation	5	179044
895.275	0	photic stimulation	5	179055
895.335	0	photic stimulation	5	179067
895.395	0	photic stimulation	5	179079
895.455	0	photic stimulation	5	179091
895.515	0	photic stimulation	5	179103
895.57	0	photic stimulation	5	179114
895.63	0	photic stimulation	5	179126
895.69	0	photic stimulation	5	179138
895.75	0	photic stimulation	5	179150
895.805	0	photic stimulation	5	179161
895.865	0	photic stimulation	5	179173
895.925	0	photic stimulation	5	179185
895.985	0	photic stimulation	5	179197
896.045	0	photic stimulation	5	179209
896.1	0	photic stimulation	5	179220
896.16	0	photic stimulation	5	179232
896.22	0	photic stimulation	5	179244
896.28	0	photic stimulation	5	179256
896.335	0	photic stimulation	5	179267
896.395	0	photic stimulation	5	179279
896.455	0	photic stimulation	5	179291
896.515	0	photic stimulation	5	179303
896.575	0	photic stimulation	5	179315
896.63	0	photic stimulation	5	179326
896.69	0	photic stimulation	5	179338
896.75	0	photic stimulation	5	179350
896.81	0	photic stimulation	5	179362
896.865	0	photic stimulation	5	179373
896.925	0	photic stimulation	5	179385
896.985	0	photic stimulation	5	179397
897.045	0	photic stimulation	5	179409
897.105	0	photic stimulation	5	179421
897.16	0	photic stimulation	5	179432
897.22	0	photic stimulation	5	179444
897.28	0	photic stimulation	5	179456
897.34	0	photic stimulation	5	179468
897.395	0	photic stimulation	5	179479
897.455	0	photic stimulation	5	179491
897.515	0	photic stimulation	5	179503
897.575	0	photic stimulation	5	179515
897.635	0	photic stimulation	5	179527
897.69	0	photic stimulation	5	179538
897.75	0	photic stimulation	5	179550
897.81	0	photic stimulation	5	179562
897.87	0	photic stimulation	5	179574
897.925	0	photic stimulation	5	179585
897.985	0	photic stimulation	5	179597
898.045	0	photic stimulation	5	179609
898.105	0	photic stimulation	5	179621
898.165	0	photic stimulation	5	179633
898.22	0	photic stimulation	5	179644
898.28	0	photic stimulation	5	179656
898.34	0	photic stimulation	5	179668
898.4	0	photic stimulation	5	179680
898.455	0	photic stimulation	5	179691
898.515	0	photic stimulation	5	179703
898.575	0	photic stimulation	5	179715
898.635	0	photic stimulation	5	179727
898.695	0	photic stimulation	5	179739
898.75	0	photic stimulation	5	179750
898.81	0	photic stimulation	5	179762
898.87	0	photic stimulation	5	179774
898.93	0	photic stimulation	5	179786
898.985	0	photic stimulation	5	179797
899.045	0	photic stimulation	5	179809
899.105	0	photic stimulation	5	179821
899.165	0	photic stimulation	5	179833
899.225	0	photic stimulation	5	179845
899.28	0	photic stimulation	5	179856
899.34	0	photic stimulation	5	179868
899.4	0	photic stimulation	5	179880
899.46	0	photic stimulation	5	179892
899.515	0	photic stimulation	5	179903
899.575	0	photic stimulation	5	179915
899.635	0	photic stimulation	5	179927
899.695	0	photic stimulation	5	179939
899.755	0	photic stimulation	5	179951
899.81	0	photic stimulation	5	179962
899.87	0	photic stimulation	5	179974
899.93	0	photic stimulation	5	179986
899.99	0	photic stimulation	5	179998
900.045	0	photic stimulation	5	180009
900.105	0	photic stimulation	5	180021
900.165	0	photic stimulation	5	180033
900.225	0	photic stimulation	5	180045
900.285	0	photic stimulation	5	180057
900.34	0	photic stimulation	5	180068
900.4	0	photic stimulation	5	180080
900.46	0	photic stimulation	5	180092
900.52	0	photic stimulation	5	180104
900.575	0	photic stimulation	5	180115
900.635	0	photic stimulation	5	180127
900.695	0	photic stimulation	5	180139
900.755	0	photic stimulation	5	180151
900.815	0	photic stimulation	5	180163
900.87	0	photic stimulation	5	180174
900.93	0	photic stimulation	5	180186
900.99	0	photic stimulation	5	180198
901.05	0	photic stimulation	5	180210
901.105	0	photic stimulation	5	180221
901.165	0	photic stimulation	5	180233
901.225	0	photic stimulation	5	180245
901.285	0	photic stimulation	5	180257
901.345	0	photic stimulation	5	180269
901.4	0	photic stimulation	5	180280
901.46	0	photic stimulation	5	180292
901.52	0	photic stimulation	5	180304
901.58	0	photic stimulation	5	180316
901.635	0	photic stimulation	5	180327
901.695	0	photic stimulation	5	180339
901.755	0	photic stimulation	5	180351
901.815	0	photic stimulation	5	180363
901.875	0	photic stimulation	5	180375
901.93	0	photic stimulation	5	180386
901.99	0	photic stimulation	5	180398
902.05	0	photic stimulation	5	180410
902.11	0	photic stimulation	5	180422
902.165	0	photic stimulation	5	180433
902.225	0	photic stimulation	5	180445
902.285	0	photic stimulation	5	180457
902.345	0	photic stimulation	5	180469
902.405	0	photic stimulation	5	180481
902.46	0	photic stimulation	5	180492
902.52	0	photic stimulation	5	180504
902.58	0	photic stimulation	5	180516
902.625	0	photic stimulation	5	180525
907.68	0	photic stimulation	5	181536
907.73	0	photic stimulation	5	181546
907.785	0	photic stimulation	5	181557
907.835	0	photic stimulation	5	181567
907.89	0	photic stimulation	5	181578
907.94	0	photic stimulation	5	181588
907.995	0	photic stimulation	5	181599
908.045	0	photic stimulation	5	181609
908.1	0	photic stimulation	5	181620
908.15	0	photic stimulation	5	181630
908.205	0	photic stimulation	5	181641
908.255	0	photic stimulation	5	181651
908.31	0	photic stimulation	5	181662
908.36	0	photic stimulation	5	181672
908.415	0	photic stimulation	5	181683
908.465	0	photic stimulation	5	181693
908.52	0	photic stimulation	5	181704
908.57	0	photic stimulation	5	181714
908.625	0	photic stimulation	5	181725
908.675	0	photic stimulation	5	181735
908.73	0	photic stimulation	5	181746
908.78	0	photic stimulation	5	181756
908.835	0	photic stimulation	5	181767
908.885	0	photic stimulation	5	181777
908.94	0	photic stimulation	5	181788
908.99	0	photic stimulation	5	181798
909.045	0	photic stimulation	5	181809
909.095	0	photic stimulation	5	181819
909.15	0	photic stimulation	5	181830
909.2	0	photic stimulation	5	181840
909.255	0	photic stimulation	5	181851
909.305	0	photic stimulation	5	181861
909.36	0	photic stimulation	5	181872
909.41	0	photic stimulation	5	181882
909.465	0	photic stimulation	5	181893
909.515	0	photic stimulation	5	181903
909.57	0	photic stimulation	5	181914
909.62	0	photic stimulation	5	181924
909.675	0	photic stimulation	5	181935
909.725	0	photic stimulation	5	181945
909.78	0	photic stimulation	5	181956
909.83	0	photic stimulation	5	181966
909.885	0	photic stimulation	5	181977
909.935	0	photic stimulation	5	181987
909.99	0	photic stimulation	5	181998
910.04	0	photic stimulation	5	182008
910.095	0	photic stimulation	5	182019
910.145	0	photic stimulation	5	182029
910.2	0	photic stimulation	5	182040
910.25	0	photic stimulation	5	182050
910.305	0	photic stimulation	5	182061
910.355	0	photic stimulation	5	182071
910.41	0	photic stimulation	5	182082
910.46	0	photic stimulation	5	182092
910.515	0	photic stimulation	5	182103
910.565	0	photic stimulation	5	182113
910.62	0	photic stimulation	5	182124
910.67	0	photic stimulation	5	182134
910.725	0	photic stimulation	5	182145
910.775	0	photic stimulation	5	182155
910.83	0	photic stimulation	5	182166
910.88	0	photic stimulation	5	182176
910.935	0	photic stimulation	5	182187
910.985	0	photic stimulation	5	182197
911.04	0	photic stimulation	5	182208
911.09	0	photic stimulation	5	182218
911.145	0	photic stimulation	5	182229
911.195	0	photic stimulation	5	182239
911.25	0	photic stimulation	5	182250
911.3	0	photic stimulation	5	182260
911.355	0	photic stimulation	5	182271
911.405	0	photic stimulation	5	182281
911.46	0	photic stimulation	5	182292
911.51	0	photic stimulation	5	182302
911.565	0	photic stimulation	5	182313
911.615	0	photic stimulation	5	182323
911.67	0	photic stimulation	5	182334
911.72	0	photic stimulation	5	182344
911.775	0	photic stimulation	5	182355
911.825	0	photic stimulation	5	182365
911.88	0	photic stimulation	5	182376
911.93	0	photic stimulation	5	182386
911.985	0	photic stimulation	5	182397
912.035	0	photic stimulation	5	182407
912.09	0	photic stimulation	5	182418
912.14	0	photic stimulation	5	182428
912.195	0	photic stimulation	5	182439
912.245	0	photic stimulation	5	182449
912.3	0	photic stimulation	5	182460
912.35	0	photic stimulation	5	182470
912.405	0	photic stimulation	5	182481
912.455	0	photic stimulation	5	182491
912.51	0	photic stimulation	5	182502
912.56	0	photic stimulation	5	182512
912.615	0	photic stimulation	5	182523
912.665	0	photic stimulation	5	182533
912.72	0	photic stimulation	5	182544
912.77	0	photic stimulation	5	182554
912.825	0	photic stimulation	5	182565
912.875	0	photic stimulation	5	182575
912.93	0	photic stimulation	5	182586
912.98	0	photic stimulation	5	182596
913.035	0	photic stimulation	5	182607
913.085	0	photic stimulation	5	182617
913.14	0	photic stimulation	5	182628
913.19	0	photic stimulation	5	182638
913.245	0	photic stimulation	5	182649
913.295	0	photic stimulation	5	182659
913.35	0	photic stimulation	5	182670
913.4	0	photic stimulation	5	182680
913.455	0	photic stimulation	5	182691
913.505	0	photic stimulation	5	182701
913.56	0	photic stimulation	5	182712
913.61	0	photic stimulation	5	182722
913.665	0	photic stimulation	5	182733
913.715	0	photic stimulation	5	182743
913.77	0	photic stimulation	5	182754
913.82	0	photic stimulation	5	182764
913.875	0	photic stimulation	5	182775
913.925	0	photic stimulation	5	182785
913.98	0	photic stimulation	5	182796
914.03	0	photic stimulation	5	182806
914.085	0	photic stimulation	5	182817
914.135	0	photic stimulation	5	182827
914.19	0	photic stimulation	5	182838
914.24	0	photic stimulation	5	182848
914.295	0	photic stimulation	5	182859
914.345	0	photic stimulation	5	182869
914.4	0	photic stimulation	5	182880
914.45	0	photic stimulation	5	182890
914.505	0	photic stimulation	5	182901
914.555	0	photic stimulation	5	182911
914.61	0	photic stimulation	5	182922
914.66	0	photic stimulation	5	182932
914.715	0	photic stimulation	5	182943
914.765	0	photic stimulation	5	182953
914.82	0	photic stimulation	5	182964
914.87	0	photic stimulation	5	182974
914.925	0	photic stimulation	5	182985
914.975	0	photic stimulation	5	182995
915.03	0	photic stimulation	5	183006
915.08	0	photic stimulation	5	183016
915.135	0	photic stimulation	5	183027
915.185	0	photic stimulation	5	183037
915.24	0	photic stimulation	5	183048
915.29	0	photic stimulation	5	183058
915.345	0	photic stimulation	5	183069
915.395	0	photic stimulation	5	183079
915.45	0	photic stimulation	5	183090
915.5	0	photic stimulation	5	183100
915.555	0	photic stimulation	5	183111
915.605	0	photic stimulation	5	183121
915.66	0	photic stimulation	5	183132
915.71	0	photic stimulation	5	183142
915.765	0	photic stimulation	5	183153
915.815	0	photic stimulation	5	183163
915.87	0	photic stimulation	5	183174
915.92	0	photic stimulation	5	183184
915.975	0	photic stimulation	5	183195
916.025	0	photic stimulation	5	183205
916.08	0	photic stimulation	5	183216
916.13	0	photic stimulation	5	183226
916.185	0	photic stimulation	5	183237
916.235	0	photic stimulation	5	183247
916.29	0	photic stimulation	5	183258
916.34	0	photic stimulation	5	183268
916.395	0	photic stimulation	5	183279
916.445	0	photic stimulation	5	183289
916.5	0	photic stimulation	5	183300
916.55	0	photic stimulation	5	183310
916.605	0	photic stimulation	5	183321
916.655	0	photic stimulation	5	183331
916.71	0	photic stimulation	5	183342
916.76	0	photic stimulation	5	183352
916.815	0	photic stimulation	5	183363
916.865	0	photic stimulation	5	183373
916.92	0	photic stimulation	5	183384
916.97	0	photic stimulation	5	183394
917.025	0	photic stimulation	5	183405
917.075	0	photic stimulation	5	183415
917.13	0	photic stimulation	5	183426
917.18	0	photic stimulation	5	183436
917.235	0	photic stimulation	5	183447
917.285	0	photic stimulation	5	183457
917.34	0	photic stimulation	5	183468
917.39	0	photic stimulation	5	183478
917.445	0	photic stimulation	5	183489
917.495	0	photic stimulation	5	183499
917.55	0	photic stimulation	5	183510
917.6	0	photic stimulation	5	183520
917.625	0	photic stimulation	5	183525
922.675	0	photic stimulation	5	184535
922.72	0	photic stimulation	5	184544
922.77	0	photic stimulation	5	184554
922.815	0	photic stimulation	5	184563
922.865	0	photic stimulation	5	184573
922.91	0	photic stimulation	5	184582
922.96	0	photic stimulation	5	184592
923.005	0	photic stimulation	5	184601
923.055	0	photic stimulation	5	184611
923.1	0	photic stimulation	5	184620
923.15	0	photic stimulation	5	184630
923.195	0	photic stimulation	5	184639
923.245	0	photic stimulation	5	184649
923.29	0	photic stimulation	5	184658
923.34	0	photic stimulation	5	184668
923.385	0	photic stimulation	5	184677
923.435	0	photic stimulation	5	184687
923.48	0	photic stimulation	5	184696
923.53	0	photic stimulation	5	184706
923.575	0	photic stimulation	5	184715
923.625	0	photic stimulation	5	184725
923.67	0	photic stimulation	5	184734
923.72	0	photic stimulation	5	184744
923.765	0	photic stimulation	5	184753
923.815	0	photic stimulation	5	184763
923.86	0	photic stimulation	5	184772
923.91	0	photic stimulation	5	184782
923.955	0	photic stimulation	5	184791
924.005	0	photic stimulation	5	184801
924.05	0	photic stimulation	5	184810
924.1	0	photic stimulation	5	184820
924.145	0	photic stimulation	5	184829
924.195	0	photic stimulation	5	184839
924.24	0	photic stimulation	5	184848
924.29	0	photic stimulation	5	184858
924.335	0	photic stimulation	5	184867
924.385	0	photic stimulation	5	184877
924.43	0	photic stimulation	5	184886
924.48	0	photic stimulation	5	184896
924.525	0	photic stimulation	5	184905
924.575	0	photic stimulation	5	184915
924.62	0	photic stimulation	5	184924
924.67	0	photic stimulation	5	184934
924.715	0	photic stimulation	5	184943
924.765	0	photic stimulation	5	184953
924.81	0	photic stimulation	5	184962
924.86	0	photic stimulation	5	184972
924.905	0	photic stimulation	5	184981
924.955	0	photic stimulation	5	184991
925	0	photic stimulation	5	185000
925.05	0	photic stimulation	5	185010
925.095	0	photic stimulation	5	185019
925.145	0	photic stimulation	5	185029
925.19	0	photic stimulation	5	185038
925.24	0	photic stimulation	5	185048
925.285	0	photic stimulation	5	185057
925.335	0	photic stimulation	5	185067
925.38	0	photic stimulation	5	185076
925.43	0	photic stimulation	5	185086
925.475	0	photic stimulation	5	185095
925.525	0	photic stimulation	5	185105
925.57	0	photic stimulation	5	185114
925.62	0	photic stimulation	5	185124
925.665	0	photic stimulation	5	185133
925.715	0	photic stimulation	5	185143
925.76	0	photic stimulation	5	185152
925.81	0	photic stimulation	5	185162
925.855	0	photic stimulation	5	185171
925.905	0	photic stimulation	5	185181
925.95	0	photic stimulation	5	185190
926	0	photic stimulation	5	185200
926.045	0	photic stimulation	5	185209
926.095	0	photic stimulation	5	185219
926.14	0	photic stimulation	5	185228
926.19	0	photic stimulation	5	185238
926.235	0	photic stimulation	5	185247
926.285	0	photic stimulation	5	185257
926.33	0	photic stimulation	5	185266
926.38	0	photic stimulation	5	185276
926.425	0	photic stimulation	5	185285
926.475	0	photic stimulation	5	185295
926.52	0	photic stimulation	5	185304
926.57	0	photic stimulation	5	185314
926.615	0	photic stimulation	5	185323
926.665	0	photic stimulation	5	185333
926.71	0	photic stimulation	5	185342
926.76	0	photic stimulation	5	185352
926.805	0	photic stimulation	5	185361
926.855	0	photic stimulation	5	185371
926.9	0	photic stimulation	5	185380
926.95	0	photic stimulation	5	185390
926.995	0	photic stimulation	5	185399
927.045	0	photic stimulation	5	185409
927.09	0	photic stimulation	5	185418
927.14	0	photic stimulation	5	185428
927.185	0	photic stimulation	5	185437
927.235	0	photic stimulation	5	185447
927.28	0	photic stimulation	5	185456
927.33	0	photic stimulation	5	185466
927.375	0	photic stimulation	5	185475
927.425	0	photic stimulation	5	185485
927.47	0	photic stimulation	5	185494
927.52	0	photic stimulation	5	185504
927.565	0	photic stimulation	5	185513
927.615	0	photic stimulation	5	185523
927.66	0	photic stimulation	5	185532
927.71	0	photic stimulation	5	185542
927.755	0	photic stimulation	5	185551
927.805	0	photic stimulation	5	185561
927.85	0	photic stimulation	5	185570
927.9	0	photic stimulation	5	185580
927.945	0	photic stimulation	5	185589
927.995	0	photic stimulation	5	185599
928.04	0	photic stimulation	5	185608
928.09	0	photic stimulation	5	185618
928.135	0	photic stimulation	5	185627
928.185	0	photic stimulation	5	185637
928.23	0	photic stimulation	5	185646
928.28	0	photic stimulation	5	185656
928.325	0	photic stimulation	5	185665
928.375	0	photic stimulation	5	185675
928.42	0	photic stimulation	5	185684
928.47	0	photic stimulation	5	185694
928.515	0	photic stimulation	5	185703
928.565	0	photic stimulation	5	185713
928.61	0	photic stimulation	5	185722
928.66	0	photic stimulation	5	185732
928.705	0	photic stimulation	5	185741
928.755	0	photic stimulation	5	185751
928.8	0	photic stimulation	5	185760
928.85	0	photic stimulation	5	185770
928.895	0	photic stimulation	5	185779
928.945	0	photic stimulation	5	185789
928.99	0	photic stimulation	5	185798
929.04	0	photic stimulation	5	185808
929.085	0	photic stimulation	5	185817
929.135	0	photic stimulation	5	185827
929.18	0	photic stimulation	5	185836
929.23	0	photic stimulation	5	185846
929.275	0	photic stimulation	5	185855
929.325	0	photic stimulation	5	185865
929.37	0	photic stimulation	5	185874
929.42	0	photic stimulation	5	185884
929.465	0	photic stimulation	5	185893
929.515	0	photic stimulation	5	185903
929.56	0	photic stimulation	5	185912
929.61	0	photic stimulation	5	185922
929.655	0	photic stimulation	5	185931
929.705	0	photic stimulation	5	185941
929.75	0	photic stimulation	5	185950
929.8	0	photic stimulation	5	185960
929.845	0	photic stimulation	5	185969
929.895	0	photic stimulation	5	185979
929.94	0	photic stimulation	5	185988
929.99	0	photic stimulation	5	185998
930.035	0	photic stimulation	5	186007
930.085	0	photic stimulation	5	186017
930.13	0	photic stimulation	5	186026
930.18	0	photic stimulation	5	186036
930.225	0	photic stimulation	5	186045
930.275	0	photic stimulation	5	186055
930.32	0	photic stimulation	5	186064
930.37	0	photic stimulation	5	186074
930.415	0	photic stimulation	5	186083
930.465	0	photic stimulation	5	186093
930.51	0	photic stimulation	5	186102
930.56	0	photic stimulation	5	186112
930.605	0	photic stimulation	5	186121
930.655	0	photic stimulation	5	186131
930.7	0	photic stimulation	5	186140
930.75	0	photic stimulation	5	186150
930.795	0	photic stimulation	5	186159
930.845	0	photic stimulation	5	186169
930.89	0	photic stimulation	5	186178
930.94	0	photic stimulation	5	186188
930.985	0	photic stimulation	5	186197
931.035	0	photic stimulation	5	186207
931.08	0	photic stimulation	5	186216
931.13	0	photic stimulation	5	186226
931.175	0	photic stimulation	5	186235
931.225	0	photic stimulation	5	186245
931.27	0	photic stimulation	5	186254
931.32	0	photic stimulation	5	186264
931.365	0	photic stimulation	5	186273
931.415	0	photic stimulation	5	186283
931.46	0	photic stimulation	5	186292
931.51	0	photic stimulation	5	186302
931.555	0	photic stimulation	5	186311
931.605	0	photic stimulation	5	186321
931.65	0	photic stimulation	5	186330
931.7	0	photic stimulation	5	186340
931.745	0	photic stimulation	5	186349
931.795	0	photic stimulation	5	186359
931.84	0	photic stimulation	5	186368
931.89	0	photic stimulation	5	186378
931.935	0	photic stimulation	5	186387
931.985	0	photic stimulation	5	186397
932.03	0	photic stimulation	5	186406
932.08	0	photic stimulation	5	186416
932.125	0	photic stimulation	5	186425
932.175	0	photic stimulation	5	186435
932.22	0	photic stimulation	5	186444
932.27	0	photic stimulation	5	186454
932.315	0	photic stimulation	5	186463
932.365	0	photic stimulation	5	186473
932.41	0	photic stimulation	5	186482
932.46	0	photic stimulation	5	186492
932.505	0	photic stimulation	5	186501
932.555	0	photic stimulation	5	186511
932.6	0	photic stimulation	5	186520
932.625	0	photic stimulation	5	186525
937.67	0	photic stimulation	5	187534
937.715	0	photic stimulation	5	187543
937.76	0	photic stimulation	5	187552
937.8	0	photic stimulation	5	187560
937.845	0	photic stimulation	5	187569
937.89	0	photic stimulation	5	187578
937.935	0	photic stimulation	5	187587
937.975	0	photic stimulation	5	187595
938.02	0	photic stimulation	5	187604
938.065	0	photic stimulation	5	187613
938.105	0	photic stimulation	5	187621
938.15	0	photic stimulation	5	187630
938.195	0	photic stimulation	5	187639
938.24	0	photic stimulation	5	187648
938.28	0	photic stimulation	5	187656
938.325	0	photic stimulation	5	187665
938.37	0	photic stimulation	5	187674
938.41	0	photic stimulation	5	187682
938.455	0	photic stimulation	5	187691
938.5	0	photic stimulation	5	187700
938.545	0	photic stimulation	5	187709
938.585	0	photic stimulation	5	187717
938.63	0	photic stimulation	5	187726
938.675	0	photic stimulation	5	187735
938.72	0	photic stimulation	5	187744
938.76	0	photic stimulation	5	187752
938.805	0	photic stimulation	5	187761
938.85	0	photic stimulation	5	187770
938.89	0	photic stimulation	5	187778
938.935	0	photic stimulation	5	187787
938.98	0	photic stimulation	5	187796
939.025	0	photic stimulation	5	187805
939.065	0	photic stimulation	5	187813
939.11	0	photic stimulation	5	187822
939.155	0	photic stimulation	5	187831
939.195	0	photic stimulation	5	187839
939.24	0	photic stimulation	5	187848
939.285	0	photic stimulation	5	187857
939.33	0	photic stimulation	5	187866
939.37	0	photic stimulation	5	187874
939.415	0	photic stimulation	5	187883
939.46	0	photic stimulation	5	187892
939.505	0	photic stimulation	5	187901
939.545	0	photic stimulation	5	187909
939.59	0	photic stimulation	5	187918
939.635	0	photic stimulation	5	187927
939.675	0	photic stimulation	5	187935
939.72	0	photic stimulation	5	187944
939.765	0	photic stimulation	5	187953
939.81	0	photic stimulation	5	187962
939.85	0	photic stimulation	5	187970
939.895	0	photic stimulation	5	187979
939.94	0	photic stimulation	5	187988
939.98	0	photic stimulation	5	187996
940.025	0	photic stimulation	5	188005
940.07	0	photic stimulation	5	188014
940.115	0	photic stimulation	5	188023
940.155	0	photic stimulation	5	188031
940.2	0	photic stimulation	5	188040
940.245	0	photic stimulation	5	188049
940.29	0	photic stimulation	5	188058
940.33	0	photic stimulation	5	188066
940.375	0	photic stimulation	5	188075
940.42	0	photic stimulation	5	188084
940.46	0	photic stimulation	5	188092
940.505	0	photic stimulation	5	188101
940.55	0	photic stimulation	5	188110
940.595	0	photic stimulation	5	188119
940.635	0	photic stimulation	5	188127
940.68	0	photic stimulation	5	188136
940.725	0	photic stimulation	5	188145
940.765	0	photic stimulation	5	188153
940.81	0	photic stimulation	5	188162
940.855	0	photic stimulation	5	188171
940.9	0	photic stimulation	5	188180
940.94	0	photic stimulation	5	188188
940.985	0	photic stimulation	5	188197
941.03	0	photic stimulation	5	188206
941.075	0	photic stimulation	5	188215
941.115	0	photic stimulation	5	188223
941.16	0	photic stimulation	5	188232
941.205	0	photic stimulation	5	188241
941.245	0	photic stimulation	5	188249
941.29	0	photic stimulation	5	188258
941.335	0	photic stimulation	5	188267
941.38	0	photic stimulation	5	188276
941.42	0	photic stimulation	5	188284
941.465	0	photic stimulation	5	188293
941.51	0	photic stimulation	5	188302
941.55	0	photic stimulation	5	188310
941.595	0	photic stimulation	5	188319
941.64	0	photic stimulation	5	188328
941.685	0	photic stimulation	5	188337
941.725	0	photic stimulation	5	188345
941.77	0	photic stimulation	5	188354
941.815	0	photic stimulation	5	188363
941.86	0	photic stimulation	5	188372
941.9	0	photic stimulation	5	188380
941.945	0	photic stimulation	5	188389
941.99	0	photic stimulation	5	188398
942.03	0	photic stimulation	5	188406
942.075	0	photic stimulation	5	188415
942.12	0	photic stimulation	5	188424
942.165	0	photic stimulation	5	188433
942.205	0	photic stimulation	5	188441
942.25	0	photic stimulation	5	188450
942.295	0	photic stimulation	5	188459
942.335	0	photic stimulation	5	188467
942.38	0	photic stimulation	5	188476
942.425	0	photic stimulation	5	188485
942.47	0	photic stimulation	5	188494
942.51	0	photic stimulation	5	188502
942.555	0	photic stimulation	5	188511
942.6	0	photic stimulation	5	188520
942.645	0	photic stimulation	5	188529
942.685	0	photic stimulation	5	188537
942.73	0	photic stimulation	5	188546
942.775	0	photic stimulation	5	188555
942.815	0	photic stimulation	5	188563
942.86	0	photic stimulation	5	188572
942.905	0	photic stimulation	5	188581
942.95	0	photic stimulation	5	188590
942.99	0	photic stimulation	5	188598
943.035	0	photic stimulation	5	188607
943.08	0	photic stimulation	5	188616
943.12	0	photic stimulation	5	188624
943.165	0	photic stimulation	5	188633
943.21	0	photic stimulation	5	188642
943.255	0	photic stimulation	5	188651
943.295	0	photic stimulation	5	188659
943.34	0	photic stimulation	5	188668
943.385	0	photic stimulation	5	188677
943.43	0	photic stimulation	5	188686
943.47	0	photic stimulation	5	188694
943.515	0	photic stimulation	5	188703
943.56	0	photic stimulation	5	188712
943.6	0	photic stimulation	5	188720
943.645	0	photic stimulation	5	188729
943.69	0	photic stimulation	5	188738
943.735	0	photic stimulation	5	188747
943.775	0	photic stimulation	5	188755
943.82	0	photic stimulation	5	188764
943.865	0	photic stimulation	5	188773
943.905	0	photic stimulation	5	188781
943.95	0	photic stimulation	5	188790
943.995	0	photic stimulation	5	188799
944.04	0	photic stimulation	5	188808
944.08	0	photic stimulation	5	188816
944.125	0	photic stimulation	5	188825
944.17	0	photic stimulation	5	188834
944.215	0	photic stimulation	5	188843
944.255	0	photic stimulation	5	188851
944.3	0	photic stimulation	5	188860
944.345	0	photic stimulation	5	188869
944.385	0	photic stimulation	5	188877
944.43	0	photic stimulation	5	188886
944.475	0	photic stimulation	5	188895
944.52	0	photic stimulation	5	188904
944.56	0	photic stimulation	5	188912
944.605	0	photic stimulation	5	188921
944.65	0	photic stimulation	5	188930
944.69	0	photic stimulation	5	188938
944.735	0	photic stimulation	5	188947
944.78	0	photic stimulation	5	188956
944.825	0	photic stimulation	5	188965
944.865	0	photic stimulation	5	188973
944.91	0	photic stimulation	5	188982
944.955	0	photic stimulation	5	188991
945	0	photic stimulation	5	189000
945.04	0	photic stimulation	5	189008
945.085	0	photic stimulation	5	189017
945.13	0	photic stimulation	5	189026
945.17	0	photic stimulation	5	189034
945.215	0	photic stimulation	5	189043
945.26	0	photic stimulation	5	189052
945.305	0	photic stimulation	5	189061
945.345	0	photic stimulation	5	189069
945.39	0	photic stimulation	5	189078
945.435	0	photic stimulation	5	189087
945.475	0	photic stimulation	5	189095
945.52	0	photic stimulation	5	189104
945.565	0	photic stimulation	5	189113
945.61	0	photic stimulation	5	189122
945.65	0	photic stimulation	5	189130
945.695	0	photic stimulation	5	189139
945.74	0	photic stimulation	5	189148
945.785	0	photic stimulation	5	189157
945.825	0	photic stimulation	5	189165
945.87	0	photic stimulation	5	189174
945.915	0	photic stimulation	5	189183
945.955	0	photic stimulation	5	189191
946	0	photic stimulation	5	189200
946.045	0	photic stimulation	5	189209
946.09	0	photic stimulation	5	189218
946.13	0	photic stimulation	5	189226
946.175	0	photic stimulation	5	189235
946.22	0	photic stimulation	5	189244
946.26	0	photic stimulation	5	189252
946.305	0	photic stimulation	5	189261
946.35	0	photic stimulation	5	189270
946.395	0	photic stimulation	5	189279
946.435	0	photic stimulation	5	189287
946.48	0	photic stimulation	5	189296
946.525	0	photic stimulation	5	189305
946.57	0	photic stimulation	5	189314
946.61	0	photic stimulation	5	189322
946.655	0	photic stimulation	5	189331
946.7	0	photic stimulation	5	189340
946.74	0	photic stimulation	5	189348
946.785	0	photic stimulation	5	189357
946.83	0	photic stimulation	5	189366
946.875	0	photic stimulation	5	189375
946.915	0	photic stimulation	5	189383
946.96	0	photic stimulation	5	189392
947.005	0	photic stimulation	5	189401
947.045	0	photic stimulation	5	189409
947.09	0	photic stimulation	5	189418
947.135	0	photic stimulation	5	189427
947.18	0	photic stimulation	5	189436
947.22	0	photic stimulation	5	189444
947.265	0	photic stimulation	5	189453
947.31	0	photic stimulation	5	189462
947.355	0	photic stimulation	5	189471
947.395	0	photic stimulation	5	189479
947.44	0	photic stimulation	5	189488
947.485	0	photic stimulation	5	189497
947.525	0	photic stimulation	5	189505
947.57	0	photic stimulation	5	189514
947.615	0	photic stimulation	5	189523
947.625	0	photic stimulation	5	189525
952.665	0	photic stimulation	5	190533
952.705	0	photic stimulation	5	190541
952.745	0	photic stimulation	5	190549
952.785	0	photic stimulation	5	190557
952.825	0	photic stimulation	5	190565
952.865	0	photic stimulation	5	190573
952.905	0	photic stimulation	5	190581
952.945	0	photic stimulation	5	190589
952.985	0	photic stimulation	5	190597
953.025	0	photic stimulation	5	190605
953.065	0	photic stimulation	5	190613
953.105	0	photic stimulation	5	190621
953.145	0	photic stimulation	5	190629
953.185	0	photic stimulation	5	190637
953.225	0	photic stimulation	5	190645
953.265	0	photic stimulation	5	190653
953.305	0	photic stimulation	5	190661
953.345	0	photic stimulation	5	190669
953.385	0	photic stimulation	5	190677
953.425	0	photic stimulation	5	190685
953.465	0	photic stimulation	5	190693
953.505	0	photic stimulation	5	190701
953.545	0	photic stimulation	5	190709
953.585	0	photic stimulation	5	190717
953.625	0	photic stimulation	5	190725
953.665	0	photic stimulation	5	190733
953.705	0	photic stimulation	5	190741
953.745	0	photic stimulation	5	190749
953.785	0	photic stimulation	5	190757
953.825	0	photic stimulation	5	190765
953.865	0	photic stimulation	5	190773
953.905	0	photic stimulation	5	190781
953.945	0	photic stimulation	5	190789
953.985	0	photic stimulation	5	190797
954.025	0	photic stimulation	5	190805
954.065	0	photic stimulation	5	190813
954.105	0	photic stimulation	5	190821
954.145	0	photic stimulation	5	190829
954.185	0	photic stimulation	5	190837
954.225	0	photic stimulation	5	190845
954.265	0	photic stimulation	5	190853
954.305	0	photic stimulation	5	190861
954.345	0	photic stimulation	5	190869
954.385	0	photic stimulation	5	190877
954.425	0	photic stimulation	5	190885
954.465	0	photic stimulation	5	190893
954.505	0	photic stimulation	5	190901
954.545	0	photic stimulation	5	190909
954.585	0	photic stimulation	5	190917
954.625	0	photic stimulation	5	190925
954.665	0	photic stimulation	5	190933
954.705	0	photic stimulation	5	190941
954.745	0	photic stimulation	5	190949
954.785	0	photic stimulation	5	190957
954.825	0	photic stimulation	5	190965
954.865	0	photic stimulation	5	190973
954.905	0	photic stimulation	5	190981
954.945	0	photic stimulation	5	190989
954.985	0	photic stimulation	5	190997
955.025	0	photic stimulation	5	191005
955.065	0	photic stimulation	5	191013
955.105	0	photic stimulation	5	191021
955.145	0	photic stimulation	5	191029
955.185	0	photic stimulation	5	191037
955.225	0	photic stimulation	5	191045
955.265	0	photic stimulation	5	191053
955.305	0	photic stimulation	5	191061
955.345	0	photic stimulation	5	191069
955.385	0	photic stimulation	5	191077
955.425	0	photic stimulation	5	191085
955.465	0	photic stimulation	5	191093
955.505	0	photic stimulation	5	191101
955.545	0	photic stimulation	5	191109
955.585	0	photic stimulation	5	191117
955.625	0	photic stimulation	5	191125
955.665	0	photic stimulation	5	191133
955.705	0	photic stimulation	5	191141
955.745	0	photic stimulation	5	191149
955.785	0	photic stimulation	5	191157
955.825	0	photic stimulation	5	191165
955.865	0	photic stimulation	5	191173
955.905	0	photic stimulation	5	191181
955.945	0	photic stimulation	5	191189
955.985	0	photic stimulation	5	191197
956.025	0	photic stimulation	5	191205
956.065	0	photic stimulation	5	191213
956.105	0	photic stimulation	5	191221
956.145	0	photic stimulation	5	191229
956.185	0	photic stimulation	5	191237
956.225	0	photic stimulation	5	191245
956.265	0	photic stimulation	5	191253
956.305	0	photic stimulation	5	191261
956.345	0	photic stimulation	5	191269
956.385	0	photic stimulation	5	191277
956.425	0	photic stimulation	5	191285
956.465	0	photic stimulation	5	191293
956.505	0	photic stimulation	5	191301
956.545	0	photic stimulation	5	191309
956.585	0	photic stimulation	5	191317
956.625	0	photic stimulation	5	191325
956.665	0	photic stimulation	5	191333
956.705	0	photic stimulation	5	191341
956.745	0	photic stimulation	5	191349
956.785	0	photic stimulation	5	191357
956.825	0	photic stimulation	5	191365
956.865	0	photic stimulation	5	191373
956.905	0	photic stimulation	5	191381
956.945	0	photic stimulation	5	191389
956.985	0	photic stimulation	5	191397
957.025	0	photic stimulation	5	191405
957.065	0	photic stimulation	5	191413
957.105	0	photic stimulation	5	191421
957.145	0	photic stimulation	5	191429
957.185	0	photic stimulation	5	191437
957.225	0	photic stimulation	5	191445
957.265	0	photic stimulation	5	191453
957.305	0	photic stimulation	5	191461
957.345	0	photic stimulation	5	191469
957.385	0	photic stimulation	5	191477
957.425	0	photic stimulation	5	191485
957.465	0	photic stimulation	5	191493
957.505	0	photic stimulation	5	191501
957.545	0	photic stimulation	5	191509
957.585	0	photic stimulation	5	191517
957.625	0	photic stimulation	5	191525
957.665	0	photic stimulation	5	191533
957.705	0	photic stimulation	5	191541
957.745	0	photic stimulation	5	191549
957.785	0	photic stimulation	5	191557
957.825	0	photic stimulation	5	191565
957.865	0	photic stimulation	5	191573
957.905	0	photic stimulation	5	191581
957.945	0	photic stimulation	5	191589
957.985	0	photic stimulation	5	191597
958.025	0	photic stimulation	5	191605
958.065	0	photic stimulation	5	191613
958.105	0	photic stimulation	5	191621
958.145	0	photic stimulation	5	191629
958.185	0	photic stimulation	5	191637
958.225	0	photic stimulation	5	191645
958.265	0	photic stimulation	5	191653
958.305	0	photic stimulation	5	191661
958.345	0	photic stimulation	5	191669
958.385	0	photic stimulation	5	191677
958.425	0	photic stimulation	5	191685
958.465	0	photic stimulation	5	191693
958.505	0	photic stimulation	5	191701
958.545	0	photic stimulation	5	191709
958.585	0	photic stimulation	5	191717
958.625	0	photic stimulation	5	191725
958.665	0	photic stimulation	5	191733
958.705	0	photic stimulation	5	191741
958.745	0	photic stimulation	5	191749
958.785	0	photic stimulation	5	191757
958.825	0	photic stimulation	5	191765
958.865	0	photic stimulation	5	191773
958.905	0	photic stimulation	5	191781
958.945	0	photic stimulation	5	191789
958.985	0	photic stimulation	5	191797
959.025	0	photic stimulation	5	191805
959.065	0	photic stimulation	5	191813
959.105	0	photic stimulation	5	191821
959.145	0	photic stimulation	5	191829
959.185	0	photic stimulation	5	191837
959.225	0	photic stimulation	5	191845
959.265	0	photic stimulation	5	191853
959.305	0	photic stimulation	5	191861
959.345	0	photic stimulation	5	191869
959.385	0	photic stimulation	5	191877
959.425	0	photic stimulation	5	191885
959.465	0	photic stimulation	5	191893
959.505	0	photic stimulation	5	191901
959.545	0	photic stimulation	5	191909
959.585	0	photic stimulation	5	191917
959.625	0	photic stimulation	5	191925
959.665	0	photic stimulation	5	191933
959.705	0	photic stimulation	5	191941
959.745	0	photic stimulation	5	191949
959.785	0	photic stimulation	5	191957
959.825	0	photic stimulation	5	191965
959.865	0	photic stimulation	5	191973
959.905	0	photic stimulation	5	191981
959.945	0	photic stimulation	5	191989
959.985	0	photic stimulation	5	191997
960.025	0	photic stimulation	5	192005
960.065	0	photic stimulation	5	192013
960.105	0	photic stimulation	5	192021
960.145	0	photic stimulation	5	192029
960.185	0	photic stimulation	5	192037
960.225	0	photic stimulation	5	192045
960.265	0	photic stimulation	5	192053
960.305	0	photic stimulation	5	192061
960.345	0	photic stimulation	5	192069
960.385	0	photic stimulation	5	192077
960.425	0	photic stimulation	5	192085
960.465	0	photic stimulation	5	192093
960.505	0	photic stimulation	5	192101
960.545	0	photic stimulation	5	192109
960.585	0	photic stimulation	5	192117
960.625	0	photic stimulation	5	192125
960.665	0	photic stimulation	5	192133
960.705	0	photic stimulation	5	192141
960.745	0	photic stimulation	5	192149
960.785	0	photic stimulation	5	192157
960.825	0	photic stimulation	5	192165
960.865	0	photic stimulation	5	192173
960.905	0	photic stimulation	5	192181
960.945	0	photic stimulation	5	192189
960.985	0	photic stimulation	5	192197
961.025	0	photic stimulation	5	192205
961.065	0	photic stimulation	5	192213
961.105	0	photic stimulation	5	192221
961.145	0	photic stimulation	5	192229
961.185	0	photic stimulation	5	192237
961.225	0	photic stimulation	5	192245
961.265	0	photic stimulation	5	192253
961.305	0	photic stimulation	5	192261
961.345	0	photic stimulation	5	192269
961.385	0	photic stimulation	5	192277
961.425	0	photic stimulation	5	192285
961.465	0	photic stimulation	5	192293
961.505	0	photic stimulation	5	192301
961.545	0	photic stimulation	5	192309
961.585	0	photic stimulation	5	192317
961.625	0	photic stimulation	5	192325
961.665	0	photic stimulation	5	192333
961.705	0	photic stimulation	5	192341
961.745	0	photic stimulation	5	192349
961.785	0	photic stimulation	5	192357
961.825	0	photic stimulation	5	192365
961.865	0	photic stimulation	5	192373
961.905	0	photic stimulation	5	192381
961.945	0	photic stimulation	5	192389
961.985	0	photic stimulation	5	192397
962.025	0	photic stimulation	5	192405
962.065	0	photic stimulation	5	192413
962.105	0	photic stimulation	5	192421
962.145	0	photic stimulation	5	192429
962.185	0	photic stimulation	5	192437
962.225	0	photic stimulation	5	192445
962.265	0	photic stimulation	5	192453
962.305	0	photic stimulation	5	192461
962.345	0	photic stimulation	5	192469
962.385	0	photic stimulation	5	192477
962.425	0	photic stimulation	5	192485
962.465	0	photic stimulation	5	192493
962.505	0	photic stimulation	5	192501
962.545	0	photic stimulation	5	192509
962.585	0	photic stimulation	5	192517
962.625	0	photic stimulation	5	192525
967.665	0	photic stimulation	5	193533
967.7	0	photic stimulation	5	193540
967.74	0	photic stimulation	5	193548
967.775	0	photic stimulation	5	193555
967.81	0	photic stimulation	5	193562
967.85	0	photic stimulation	5	193570
967.885	0	photic stimulation	5	193577
967.925	0	photic stimulation	5	193585
967.96	0	photic stimulation	5	193592
967.995	0	photic stimulation	5	193599
968.035	0	photic stimulation	5	193607
968.07	0	photic stimulation	5	193614
968.11	0	photic stimulation	5	193622
968.145	0	photic stimulation	5	193629
968.18	0	photic stimulation	5	193636
968.22	0	photic stimulation	5	193644
968.255	0	photic stimulation	5	193651
968.29	0	photic stimulation	5	193658
968.33	0	photic stimulation	5	193666
968.365	0	photic stimulation	5	193673
968.405	0	photic stimulation	5	193681
968.44	0	photic stimulation	5	193688
968.475	0	photic stimulation	5	193695
968.515	0	photic stimulation	5	193703
968.55	0	photic stimulation	5	193710
968.59	0	photic stimulation	5	193718
968.625	0	photic stimulation	5	193725
968.66	0	photic stimulation	5	193732
968.7	0	photic stimulation	5	193740
968.735	0	photic stimulation	5	193747
968.775	0	photic stimulation	5	193755
968.81	0	photic stimulation	5	193762
968.845	0	photic stimulation	5	193769
968.885	0	photic stimulation	5	193777
968.92	0	photic stimulation	5	193784
968.955	0	photic stimulation	5	193791
968.995	0	photic stimulation	5	193799
969.03	0	photic stimulation	5	193806
969.07	0	photic stimulation	5	193814
969.105	0	photic stimulation	5	193821
969.14	0	photic stimulation	5	193828
969.18	0	photic stimulation	5	193836
969.215	0	photic stimulation	5	193843
969.255	0	photic stimulation	5	193851
969.29	0	photic stimulation	5	193858
969.325	0	photic stimulation	5	193865
969.365	0	photic stimulation	5	193873
969.4	0	photic stimulation	5	193880
969.44	0	photic stimulation	5	193888
969.475	0	photic stimulation	5	193895
969.51	0	photic stimulation	5	193902
969.55	0	photic stimulation	5	193910
969.585	0	photic stimulation	5	193917
969.62	0	photic stimulation	5	193924
969.66	0	photic stimulation	5	193932
969.695	0	photic stimulation	5	193939
969.735	0	photic stimulation	5	193947
969.77	0	photic stimulation	5	193954
969.805	0	photic stimulation	5	193961
969.845	0	photic stimulation	5	193969
969.88	0	photic stimulation	5	193976
969.92	0	photic stimulation	5	193984
969.955	0	photic stimulation	5	193991
969.99	0	photic stimulation	5	193998
970.03	0	photic stimulation	5	194006
970.065	0	photic stimulation	5	194013
970.105	0	photic stimulation	5	194021
970.14	0	photic stimulation	5	194028
970.175	0	photic stimulation	5	194035
970.215	0	photic stimulation	5	194043
970.25	0	photic stimulation	5	194050
970.285	0	photic stimulation	5	194057
970.325	0	photic stimulation	5	194065
970.36	0	photic stimulation	5	194072
970.4	0	photic stimulation	5	194080
970.435	0	photic stimulation	5	194087
970.47	0	photic stimulation	5	194094
970.51	0	photic stimulation	5	194102
970.545	0	photic stimulation	5	194109
970.585	0	photic stimulation	5	194117
970.62	0	photic stimulation	5	194124
970.655	0	photic stimulation	5	194131
970.695	0	photic stimulation	5	194139
970.73	0	photic stimulation	5	194146
970.77	0	photic stimulation	5	194154
970.805	0	photic stimulation	5	194161
970.84	0	photic stimulation	5	194168
970.88	0	photic stimulation	5	194176
970.915	0	photic stimulation	5	194183
970.95	0	photic stimulation	5	194190
970.99	0	photic stimulation	5	194198
971.025	0	photic stimulation	5	194205
971.065	0	photic stimulation	5	194213
971.1	0	photic stimulation	5	194220
971.135	0	photic stimulation	5	194227
971.175	0	photic stimulation	5	194235
971.21	0	photic stimulation	5	194242
971.25	0	photic stimulation	5	194250
971.285	0	photic stimulation	5	194257
971.32	0	photic stimulation	5	194264
971.36	0	photic stimulation	5	194272
971.395	0	photic stimulation	5	194279
971.435	0	photic stimulation	5	194287
971.47	0	photic stimulation	5	194294
971.505	0	photic stimulation	5	194301
971.545	0	photic stimulation	5	194309
971.58	0	photic stimulation	5	194316
971.615	0	photic stimulation	5	194323
971.655	0	photic stimulation	5	194331
971.69	0	photic stimulation	5	194338
971.73	0	photic stimulation	5	194346
971.765	0	photic stimulation	5	194353
971.8	0	photic stimulation	5	194360
971.84	0	photic stimulation	5	194368
971.875	0	photic stimulation	5	194375
971.915	0	photic stimulation	5	194383
971.95	0	photic stimulation	5	194390
971.985	0	photic stimulation	5	194397
972.025	0	photic stimulation	5	194405
972.06	0	photic stimulation	5	194412
972.1	0	photic stimulation	5	194420
972.135	0	photic stimulation	5	194427
972.17	0	photic stimulation	5	194434
972.21	0	photic stimulation	5	194442
972.245	0	photic stimulation	5	194449
972.28	0	photic stimulation	5	194456
972.32	0	photic stimulation	5	194464
972.355	0	photic stimulation	5	194471
972.395	0	photic stimulation	5	194479
972.43	0	photic stimulation	5	194486
972.465	0	photic stimulation	5	194493
972.505	0	photic stimulation	5	194501
972.54	0	photic stimulation	5	194508
972.58	0	photic stimulation	5	194516
972.615	0	photic stimulation	5	194523
972.65	0	photic stimulation	5	194530
972.69	0	photic stimulation	5	194538
972.725	0	photic stimulation	5	194545
972.765	0	photic stimulation	5	194553
972.8	0	photic stimulation	5	194560
972.835	0	photic stimulation	5	194567
972.875	0	photic stimulation	5	194575
972.91	0	photic stimulation	5	194582
972.945	0	photic stimulation	5	194589
972.985	0	photic stimulation	5	194597
973.02	0	photic stimulation	5	194604
973.06	0	photic stimulation	5	194612
973.095	0	photic stimulation	5	194619
973.13	0	photic stimulation	5	194626
973.17	0	photic stimulation	5	194634
973.205	0	photic stimulation	5	194641
973.245	0	photic stimulation	5	194649
973.28	0	photic stimulation	5	194656
973.315	0	photic stimulation	5	194663
973.355	0	photic stimulation	5	194671
973.39	0	photic stimulation	5	194678
973.43	0	photic stimulation	5	194686
973.465	0	photic stimulation	5	194693
973.5	0	photic stimulation	5	194700
973.54	0	photic stimulation	5	194708
973.575	0	photic stimulation	5	194715
973.61	0	photic stimulation	5	194722
973.65	0	photic stimulation	5	194730
973.685	0	photic stimulation	5	194737
973.725	0	photic stimulation	5	194745
973.76	0	photic stimulation	5	194752
973.795	0	photic stimulation	5	194759
973.835	0	photic stimulation	5	194767
973.87	0	photic stimulation	5	194774
973.91	0	photic stimulation	5	194782
973.945	0	photic stimulation	5	194789
973.98	0	photic stimulation	5	194796
974.02	0	photic stimulation	5	194804
974.055	0	photic stimulation	5	194811
974.095	0	photic stimulation	5	194819
974.13	0	photic stimulation	5	194826
974.165	0	photic stimulation	5	194833
974.205	0	photic stimulation	5	194841
974.24	0	photic stimulation	5	194848
974.275	0	photic stimulation	5	194855
974.315	0	photic stimulation	5	194863
974.35	0	photic stimulation	5	194870
974.39	0	photic stimulation	5	194878
974.425	0	photic stimulation	5	194885
974.46	0	photic stimulation	5	194892
974.5	0	photic stimulation	5	194900
974.535	0	photic stimulation	5	194907
974.575	0	photic stimulation	5	194915
974.61	0	photic stimulation	5	194922
974.645	0	photic stimulation	5	194929
974.685	0	photic stimulation	5	194937
974.72	0	photic stimulation	5	194944
974.76	0	photic stimulation	5	194952
974.795	0	photic stimulation	5	194959
974.83	0	photic stimulation	5	194966
974.87	0	photic stimulation	5	194974
974.905	0	photic stimulation	5	194981
974.94	0	photic stimulation	5	194988
974.98	0	photic stimulation	5	194996
975.015	0	photic stimulation	5	195003
975.055	0	photic stimulation	5	195011
975.09	0	photic stimulation	5	195018
975.125	0	photic stimulation	5	195025
975.165	0	photic stimulation	5	195033
975.2	0	photic stimulation	5	195040
975.24	0	photic stimulation	5	195048
975.275	0	photic stimulation	5	195055
975.31	0	photic stimulation	5	195062
975.35	0	photic stimulation	5	195070
975.385	0	photic stimulation	5	195077
975.425	0	photic stimulation	5	195085
975.46	0	photic stimulation	5	195092
975.495	0	photic stimulation	5	195099
975.535	0	photic stimulation	5	195107
975.57	0	photic stimulation	5	195114
975.605	0	photic stimulation	5	195121
975.645	0	photic stimulation	5	195129
975.68	0	photic stimulation	5	195136
975.72	0	photic stimulation	5	195144
975.755	0	photic stimulation	5	195151
975.79	0	photic stimulation	5	195158
975.83	0	photic stimulation	5	195166
975.865	0	photic stimulation	5	195173
975.905	0	photic stimulation	5	195181
975.94	0	photic stimulation	5	195188
975.975	0	photic stimulation	5	195195
976.015	0	photic stimulation	5	195203
976.05	0	photic stimulation	5	195210
976.09	0	photic stimulation	5	195218
976.125	0	photic stimulation	5	195225
976.16	0	photic stimulation	5	195232
976.2	0	photic stimulation	5	195240
976.235	0	photic stimulation	5	195247
976.27	0	photic stimulation	5	195254
976.31	0	photic stimulation	5	195262
976.345	0	photic stimulation	5	195269
976.385	0	photic stimulation	5	195277
976.42	0	photic stimulation	5	195284
976.455	0	photic stimulation	5	195291
976.495	0	photic stimulation	5	195299
976.53	0	photic stimulation	5	195306
976.57	0	photic stimulation	5	195314
976.605	0	photic stimulation	5	195321
976.64	0	photic stimulation	5	195328
976.68	0	photic stimulation	5	195336
976.715	0	photic stimulation	5	195343
976.755	0	photic stimulation	5	195351
976.79	0	photic stimulation	5	195358
976.825	0	photic stimulation	5	195365
976.865	0	photic stimulation	5	195373
976.9	0	photic stimulation	5	195380
976.935	0	photic stimulation	5	195387
976.975	0	photic stimulation	5	195395
977.01	0	photic stimulation	5	195402
977.05	0	photic stimulation	5	195410
977.085	0	photic stimulation	5	195417
977.12	0	photic stimulation	5	195424
977.16	0	photic stimulation	5	195432
977.195	0	photic stimulation	5	195439
977.235	0	photic stimulation	5	195447
977.27	0	photic stimulation	5	195454
977.305	0	photic stimulation	5	195461
977.345	0	photic stimulation	5	195469
977.38	0	photic stimulation	5	195476
977.42	0	photic stimulation	5	195484
977.455	0	photic stimulation	5	195491
977.49	0	photic stimulation	5	195498
977.53	0	photic stimulation	5	195506
977.565	0	photic stimulation	5	195513
977.6	0	photic stimulation	5	195520
977.625	0	photic stimulation	5	195525
982.66	0	photic stimulation	5	196532
982.695	0	photic stimulation	5	196539
982.73	0	photic stimulation	5	196546
982.765	0	photic stimulation	5	196553
982.8	0	photic stimulation	5	196560
982.835	0	photic stimulation	5	196567
982.87	0	photic stimulation	5	196574
982.905	0	photic stimulation	5	196581
982.935	0	photic stimulation	5	196587
982.97	0	photic stimulation	5	196594
983.005	0	photic stimulation	5	196601
983.04	0	photic stimulation	5	196608
983.075	0	photic stimulation	5	196615
983.11	0	photic stimulation	5	196622
983.145	0	photic stimulation	5	196629
983.18	0	photic stimulation	5	196636
983.215	0	photic stimulation	5	196643
983.245	0	photic stimulation	5	196649
983.28	0	photic stimulation	5	196656
983.315	0	photic stimulation	5	196663
983.35	0	photic stimulation	5	196670
983.385	0	photic stimulation	5	196677
983.42	0	photic stimulation	5	196684
983.455	0	photic stimulation	5	196691
983.49	0	photic stimulation	5	196698
983.525	0	photic stimulation	5	196705
983.555	0	photic stimulation	5	196711
983.59	0	photic stimulation	5	196718
983.625	0	photic stimulation	5	196725
983.66	0	photic stimulation	5	196732
983.695	0	photic stimulation	5	196739
983.73	0	photic stimulation	5	196746
983.765	0	photic stimulation	5	196753
983.8	0	photic stimulation	5	196760
983.835	0	photic stimulation	5	196767
983.865	0	photic stimulation	5	196773
983.9	0	photic stimulation	5	196780
983.935	0	photic stimulation	5	196787
983.97	0	photic stimulation	5	196794
984.005	0	photic stimulation	5	196801
984.04	0	photic stimulation	5	196808
984.075	0	photic stimulation	5	196815
984.11	0	photic stimulation	5	196822
984.145	0	photic stimulation	5	196829
984.175	0	photic stimulation	5	196835
984.21	0	photic stimulation	5	196842
984.245	0	photic stimulation	5	196849
984.28	0	photic stimulation	5	196856
984.315	0	photic stimulation	5	196863
984.35	0	photic stimulation	5	196870
984.385	0	photic stimulation	5	196877
984.42	0	photic stimulation	5	196884
984.455	0	photic stimulation	5	196891
984.485	0	photic stimulation	5	196897
984.52	0	photic stimulation	5	196904
984.555	0	photic stimulation	5	196911
984.59	0	photic stimulation	5	196918
984.625	0	photic stimulation	5	196925
984.66	0	photic stimulation	5	196932
984.695	0	photic stimulation	5	196939
984.73	0	photic stimulation	5	196946
984.765	0	photic stimulation	5	196953
984.795	0	photic stimulation	5	196959
984.83	0	photic stimulation	5	196966
984.865	0	photic stimulation	5	196973
984.9	0	photic stimulation	5	196980
984.935	0	photic stimulation	5	196987
984.97	0	photic stimulation	5	196994
985.005	0	photic stimulation	5	197001
985.04	0	photic stimulation	5	197008
985.075	0	photic stimulation	5	197015
985.105	0	photic stimulation	5	197021
985.14	0	photic stimulation	5	197028
985.175	0	photic stimulation	5	197035
985.21	0	photic stimulation	5	197042
985.245	0	photic stimulation	5	197049
985.28	0	photic stimulation	5	197056
985.315	0	photic stimulation	5	197063
985.35	0	photic stimulation	5	197070
985.385	0	photic stimulation	5	197077
985.415	0	photic stimulation	5	197083
985.45	0	photic stimulation	5	197090
985.485	0	photic stimulation	5	197097
985.52	0	photic stimulation	5	197104
985.555	0	photic stimulation	5	197111
985.59	0	photic stimulation	5	197118
985.625	0	photic stimulation	5	197125
985.66	0	photic stimulation	5	197132
985.695	0	photic stimulation	5	197139
985.725	0	photic stimulation	5	197145
985.76	0	photic stimulation	5	197152
985.795	0	photic stimulation	5	197159
985.83	0	photic stimulation	5	197166
985.865	0	photic stimulation	5	197173
985.9	0	photic stimulation	5	197180
985.935	0	photic stimulation	5	197187
985.97	0	photic stimulation	5	197194
986.005	0	photic stimulation	5	197201
986.035	0	photic stimulation	5	197207
986.07	0	photic stimulation	5	197214
986.105	0	photic stimulation	5	197221
986.14	0	photic stimulation	5	197228
986.175	0	photic stimulation	5	197235
986.21	0	photic stimulation	5	197242
986.245	0	photic stimulation	5	197249
986.28	0	photic stimulation	5	197256
986.315	0	photic stimulation	5	197263
986.345	0	photic stimulation	5	197269
986.38	0	photic stimulation	5	197276
986.415	0	photic stimulation	5	197283
986.45	0	photic stimulation	5	197290
986.485	0	photic stimulation	5	197297
986.52	0	photic stimulation	5	197304
986.555	0	photic stimulation	5	197311
986.59	0	photic stimulation	5	197318
986.625	0	photic stimulation	5	197325
986.655	0	photic stimulation	5	197331
986.69	0	photic stimulation	5	197338
986.725	0	photic stimulation	5	197345
986.76	0	photic stimulation	5	197352
986.795	0	photic stimulation	5	197359
986.83	0	photic stimulation	5	197366
986.865	0	photic stimulation	5	197373
986.9	0	photic stimulation	5	197380
986.935	0	photic stimulation	5	197387
986.965	0	photic stimulation	5	197393
987	0	photic stimulation	5	197400
987.035	0	photic stimulation	5	197407
987.07	0	photic stimulation	5	197414
987.105	0	photic stimulation	5	197421
987.14	0	photic stimulation	5	197428
987.175	0	photic stimulation	5	197435
987.21	0	photic stimulation	5	197442
987.245	0	photic stimulation	5	197449
987.275	0	photic stimulation	5	197455
987.31	0	photic stimulation	5	197462
987.345	0	photic stimulation	5	197469
987.38	0	photic stimulation	5	197476
987.415	0	photic stimulation	5	197483
987.45	0	photic stimulation	5	197490
987.485	0	photic stimulation	5	197497
987.52	0	photic stimulation	5	197504
987.555	0	photic stimulation	5	197511
987.585	0	photic stimulation	5	197517
987.62	0	photic stimulation	5	197524
987.655	0	photic stimulation	5	197531
987.69	0	photic stimulation	5	197538
987.725	0	photic stimulation	5	197545
987.76	0	photic stimulation	5	197552
987.795	0	photic stimulation	5	197559
987.83	0	photic stimulation	5	197566
987.865	0	photic stimulation	5	197573
987.895	0	photic stimulation	5	197579
987.93	0	photic stimulation	5	197586
987.965	0	photic stimulation	5	197593
988	0	photic stimulation	5	197600
988.035	0	photic stimulation	5	197607
988.07	0	photic stimulation	5	197614
988.105	0	photic stimulation	5	197621
988.14	0	photic stimulation	5	197628
988.175	0	photic stimulation	5	197635
988.205	0	photic stimulation	5	197641
988.24	0	photic stimulation	5	197648
988.275	0	photic stimulation	5	197655
988.31	0	photic stimulation	5	197662
988.345	0	photic stimulation	5	197669
988.38	0	photic stimulation	5	197676
988.415	0	photic stimulation	5	197683
988.45	0	photic stimulation	5	197690
988.485	0	photic stimulation	5	197697
988.515	0	photic stimulation	5	197703
988.55	0	photic stimulation	5	197710
988.585	0	photic stimulation	5	197717
988.62	0	photic stimulation	5	197724
988.655	0	photic stimulation	5	197731
988.69	0	photic stimulation	5	197738
988.725	0	photic stimulation	5	197745
988.76	0	photic stimulation	5	197752
988.795	0	photic stimulation	5	197759
988.825	0	photic stimulation	5	197765
988.86	0	photic stimulation	5	197772
988.895	0	photic stimulation	5	197779
988.93	0	photic stimulation	5	197786
988.965	0	photic stimulation	5	197793
989	0	photic stimulation	5	197800
989.035	0	photic stimulation	5	197807
989.07	0	photic stimulation	5	197814
989.105	0	photic stimulation	5	197821
989.135	0	photic stimulation	5	197827
989.17	0	photic stimulation	5	197834
989.205	0	photic stimulation	5	197841
989.24	0	photic stimulation	5	197848
989.275	0	photic stimulation	5	197855
989.31	0	photic stimulation	5	197862
989.345	0	photic stimulation	5	197869
989.38	0	photic stimulation	5	197876
989.415	0	photic stimulation	5	197883
989.445	0	photic stimulation	5	197889
989.48	0	photic stimulation	5	197896
989.515	0	photic stimulation	5	197903
989.55	0	photic stimulation	5	197910
989.585	0	photic stimulation	5	197917
989.62	0	photic stimulation	5	197924
989.655	0	photic stimulation	5	197931
989.69	0	photic stimulation	5	197938
989.725	0	photic stimulation	5	197945
989.755	0	photic stimulation	5	197951
989.79	0	photic stimulation	5	197958
989.825	0	photic stimulation	5	197965
989.86	0	photic stimulation	5	197972
989.895	0	photic stimulation	5	197979
989.93	0	photic stimulation	5	197986
989.965	0	photic stimulation	5	197993
990	0	photic stimulation	5	198000
990.035	0	photic stimulation	5	198007
990.065	0	photic stimulation	5	198013
990.1	0	photic stimulation	5	198020
990.135	0	photic stimulation	5	198027
990.17	0	photic stimulation	5	198034
990.205	0	photic stimulation	5	198041
990.24	0	photic stimulation	5	198048
990.275	0	photic stimulation	5	198055
990.31	0	photic stimulation	5	198062
990.345	0	photic stimulation	5	198069
990.375	0	photic stimulation	5	198075
990.41	0	photic stimulation	5	198082
990.445	0	photic stimulation	5	198089
990.48	0	photic stimulation	5	198096
990.515	0	photic stimulation	5	198103
990.55	0	photic stimulation	5	198110
990.585	0	photic stimulation	5	198117
990.62	0	photic stimulation	5	198124
990.655	0	photic stimulation	5	198131
990.685	0	photic stimulation	5	198137
990.72	0	photic stimulation	5	198144
990.755	0	photic stimulation	5	198151
990.79	0	photic stimulation	5	198158
990.825	0	photic stimulation	5	198165
990.86	0	photic stimulation	5	198172
990.895	0	photic stimulation	5	198179
990.93	0	photic stimulation	5	198186
990.965	0	photic stimulation	5	198193
990.995	0	photic stimulation	5	198199
991.03	0	photic stimulation	5	198206
991.065	0	photic stimulation	5	198213
991.1	0	photic stimulation	5	198220
991.135	0	photic stimulation	5	198227
991.17	0	photic stimulation	5	198234
991.205	0	photic stimulation	5	198241
991.24	0	photic stimulation	5	198248
991.275	0	photic stimulation	5	198255
991.305	0	photic stimulation	5	198261
991.34	0	photic stimulation	5	198268
991.375	0	photic stimulation	5	198275
991.41	0	photic stimulation	5	198282
991.445	0	photic stimulation	5	198289
991.48	0	photic stimulation	5	198296
991.515	0	photic stimulation	5	198303
991.55	0	photic stimulation	5	198310
991.585	0	photic stimulation	5	198317
991.615	0	photic stimulation	5	198323
991.65	0	photic stimulation	5	198330
991.685	0	photic stimulation	5	198337
991.72	0	photic stimulation	5	198344
991.755	0	photic stimulation	5	198351
991.79	0	photic stimulation	5	198358
991.825	0	photic stimulation	5	198365
991.86	0	photic stimulation	5	198372
991.895	0	photic stimulation	5	198379
991.925	0	photic stimulation	5	198385
991.96	0	photic stimulation	5	198392
991.995	0	photic stimulation	5	198399
992.03	0	photic stimulation	5	198406
992.065	0	photic stimulation	5	198413
992.1	0	photic stimulation	5	198420
992.135	0	photic stimulation	5	198427
992.17	0	photic stimulation	5	198434
992.205	0	photic stimulation	5	198441
992.235	0	photic stimulation	5	198447
992.27	0	photic stimulation	5	198454
992.305	0	photic stimulation	5	198461
992.34	0	photic stimulation	5	198468
992.375	0	photic stimulation	5	198475
992.41	0	photic stimulation	5	198482
992.445	0	photic stimulation	5	198489
992.48	0	photic stimulation	5	198496
992.515	0	photic stimulation	5	198503
992.545	0	photic stimulation	5	198509
992.58	0	photic stimulation	5	198516
992.615	0	photic stimulation	5	198523
992.625	0	photic stimulation	5	198525
1003.47	0	recuperacion	70	200694
